# wavelength (nm), cross section(cm^2) dissociation cross section(cm^2)
0.06, 3.80E-23, 0.00E+00
0.11, 3.70E-22, 0.00E+00
0.24, 3.00E-21, 0.00E+00
0.62, 4.60E-20, 0.00E+00
1.26, 3.40E-19, 0.00E+00
2.26, 1.90E-18, 0.00E+00
2.36, 4.90E-19, 0.00E+00
2.46, 5.40E-19, 0.00E+00
2.91, 8.20E-19, 0.00E+00
3.04, 1.50E-19, 0.00E+00
6.21, 9.00E-19, 0.00E+00
12.17, 4.10E-18, 0.00E+00
24.86, 1.50E-17, 0.00E+00
62.58, 3.90E-17, 0.00E+00
91.5, 4.50E-17, 0.00E+00
94.0, 3.00E-17, 0.00E+00
108.0, 9.35E-18, 2.52E-18
110.0, 1.30E-17, 3.51E-18
112.0, 1.19E-17, 3.93E-18
114.0, 1.12E-17, 4.48E-18
116.0, 7.44E-18, 3.35E-18
118.0, 7.82E-18, 3.64E-18
120.0, 7.06E-18, 3.32E-18
122.0, 1.03E-17, 5.11E-18
124.0, 1.77E-17, 8.81E-18
126.0, 2.98E-17, 1.49E-17
128.0, 2.90E-17, 1.45E-17
130.0, 1.34E-17, 6.70E-18
132.0, 6.32E-18, 3.16E-18
134.0, 1.15E-17, 5.75E-18
136.0, 8.56E-18, 4.28E-18
138.0, 1.03E-17, 5.15E-18
140.0, 1.12E-17, 5.60E-18
142.0, 1.30E-17, 6.50E-18
144.0, 1.90E-17, 9.50E-18
146.0, 1.23E-17, 6.15E-18
148.0, 1.04E-17, 5.20E-18
150.0, 1.08E-17, 5.40E-18
152.0, 2.01E-17, 1.00E-17
154.0, 1.54E-17, 7.70E-18
156.0, 1.50E-17, 7.50E-18
158.0, 1.41E-17, 7.05E-18
160.0, 1.48E-17, 7.40E-18
165.0, 1.57E-17, 7.85E-18
170.0, 1.64E-17, 8.20E-18
175.0, 1.04E-17, 5.20E-18
180.0, 6.32E-18, 3.16E-18
185.0, 2.60E-19, 1.30E-19
185.13, 2.57E-19, 1.29E-19
185.25, 2.71E-19, 1.35E-19
185.38, 2.46E-19, 1.23E-19
185.5, 2.46E-19, 1.23E-19
185.63, 2.72E-19, 1.36E-19
185.75, 2.39E-19, 1.19E-19
185.88, 2.65E-19, 1.32E-19
186.0, 2.69E-19, 1.35E-19
186.13, 2.77E-19, 1.38E-19
186.25, 2.78E-19, 1.39E-19
186.38, 2.34E-19, 1.17E-19
186.5, 2.40E-19, 1.20E-19
186.63, 2.71E-19, 1.35E-19
186.75, 2.75E-19, 1.37E-19
186.88, 2.47E-19, 1.24E-19
187.0, 2.61E-19, 1.30E-19
187.13, 2.62E-19, 1.31E-19
187.25, 2.77E-19, 1.38E-19
187.38, 2.60E-19, 1.30E-19
187.5, 2.83E-19, 1.42E-19
187.63, 2.71E-19, 1.35E-19
187.75, 2.54E-19, 1.27E-19
187.88, 2.79E-19, 1.40E-19
188.0, 2.87E-19, 1.43E-19
188.13, 2.86E-19, 1.43E-19
188.25, 2.73E-19, 1.37E-19
188.38, 2.73E-19, 1.37E-19
188.5, 2.65E-19, 1.32E-19
188.63, 2.79E-19, 1.40E-19
188.75, 2.81E-19, 1.40E-19
188.88, 2.77E-19, 1.38E-19
189.0, 3.01E-19, 1.50E-19
189.13, 2.91E-19, 1.45E-19
189.25, 3.01E-19, 1.50E-19
189.38, 2.93E-19, 1.47E-19
189.5, 2.90E-19, 1.45E-19
189.63, 2.87E-19, 1.43E-19
189.75, 2.93E-19, 1.47E-19
189.88, 2.90E-19, 1.45E-19
190.0, 2.93E-19, 1.47E-19
190.13, 2.77E-19, 1.38E-19
190.25, 2.74E-19, 1.37E-19
190.38, 2.60E-19, 1.30E-19
190.5, 2.55E-19, 1.27E-19
190.63, 2.74E-19, 1.37E-19
190.75, 2.74E-19, 1.37E-19
190.88, 2.79E-19, 1.40E-19
191.0, 2.84E-19, 1.42E-19
191.13, 2.57E-19, 1.29E-19
191.25, 2.85E-19, 1.42E-19
191.38, 2.83E-19, 1.42E-19
191.5, 2.83E-19, 1.42E-19
191.63, 2.76E-19, 1.38E-19
191.75, 2.89E-19, 1.45E-19
191.88, 2.60E-19, 1.30E-19
192.0, 2.71E-19, 1.35E-19
192.13, 2.65E-19, 1.32E-19
192.25, 2.47E-19, 1.24E-19
192.38, 2.71E-19, 1.35E-19
192.5, 2.63E-19, 1.32E-19
192.63, 2.71E-19, 1.35E-19
192.75, 2.56E-19, 1.28E-19
192.88, 2.51E-19, 1.26E-19
193.0, 2.50E-19, 1.25E-19
193.13, 2.46E-19, 1.23E-19
193.25, 2.36E-19, 1.18E-19
193.38, 2.65E-19, 1.32E-19
193.5, 2.46E-19, 1.23E-19
193.63, 2.45E-19, 1.22E-19
193.75, 2.49E-19, 1.24E-19
193.88, 2.14E-19, 1.07E-19
194.0, 2.47E-19, 1.24E-19
194.13, 2.53E-19, 1.27E-19
194.25, 2.53E-19, 1.27E-19
194.38, 2.48E-19, 1.24E-19
194.5, 2.68E-19, 1.34E-19
194.63, 2.75E-19, 1.37E-19
194.75, 2.68E-19, 1.34E-19
194.88, 2.64E-19, 1.32E-19
195.0, 2.42E-19, 1.21E-19
195.13, 2.38E-19, 1.19E-19
195.25, 2.44E-19, 1.22E-19
195.38, 2.46E-19, 1.23E-19
195.5, 2.15E-19, 1.08E-19
195.63, 2.23E-19, 1.11E-19
195.75, 2.19E-19, 1.09E-19
195.88, 2.24E-19, 1.12E-19
196.0, 2.36E-19, 1.18E-19
196.13, 2.35E-19, 1.18E-19
196.25, 2.40E-19, 1.20E-19
196.38, 2.29E-19, 1.14E-19
196.5, 2.56E-19, 1.28E-19
196.63, 2.57E-19, 1.29E-19
196.75, 2.41E-19, 1.21E-19
196.88, 2.49E-19, 1.24E-19
197.0, 2.40E-19, 1.20E-19
197.13, 2.52E-19, 1.26E-19
197.25, 2.46E-19, 1.23E-19
197.38, 2.40E-19, 1.20E-19
197.5, 2.46E-19, 1.23E-19
197.63, 2.61E-19, 1.30E-19
197.75, 2.49E-19, 1.24E-19
197.88, 2.47E-19, 1.24E-19
198.0, 2.46E-19, 1.23E-19
198.13, 2.67E-19, 1.34E-19
198.25, 2.52E-19, 1.26E-19
198.38, 2.49E-19, 1.24E-19
198.5, 2.56E-19, 1.28E-19
198.63, 2.46E-19, 1.23E-19
198.75, 2.51E-19, 1.26E-19
198.88, 2.35E-19, 1.18E-19
199.0, 2.36E-19, 1.18E-19
199.13, 2.41E-19, 1.21E-19
199.25, 2.45E-19, 1.22E-19
199.38, 2.27E-19, 1.13E-19
199.5, 2.49E-19, 1.24E-19
199.63, 2.28E-19, 1.14E-19
199.75, 2.57E-19, 1.29E-19
199.88, 2.50E-19, 1.25E-19
200.0, 2.50E-19, 1.25E-19
200.13, 2.71E-19, 1.35E-19
200.25, 2.70E-19, 1.35E-19
200.38, 2.62E-19, 1.31E-19
200.5, 2.68E-19, 1.34E-19
200.63, 2.85E-19, 1.42E-19
200.75, 2.96E-19, 1.47E-19
200.88, 2.89E-19, 1.44E-19
201.0, 2.88E-19, 1.43E-19
201.13, 2.99E-19, 1.49E-19
201.25, 2.91E-19, 1.45E-19
201.38, 3.01E-19, 1.50E-19
201.5, 2.73E-19, 1.36E-19
201.63, 2.82E-19, 1.40E-19
201.75, 2.90E-19, 1.44E-19
201.88, 2.87E-19, 1.42E-19
202.0, 2.87E-19, 1.42E-19
202.13, 2.58E-19, 1.28E-19
202.25, 2.67E-19, 1.32E-19
202.38, 2.77E-19, 1.37E-19
202.5, 2.77E-19, 1.37E-19
202.63, 2.75E-19, 1.36E-19
202.75, 2.79E-19, 1.38E-19
202.88, 2.91E-19, 1.44E-19
203.0, 2.82E-19, 1.39E-19
203.13, 2.79E-19, 1.38E-19
203.25, 2.91E-19, 1.43E-19
203.38, 2.91E-19, 1.43E-19
203.5, 3.13E-19, 1.54E-19
203.63, 3.20E-19, 1.57E-19
203.75, 3.07E-19, 1.51E-19
203.88, 3.10E-19, 1.52E-19
204.0, 3.43E-19, 1.68E-19
204.13, 3.44E-19, 1.69E-19
204.25, 3.51E-19, 1.72E-19
204.38, 3.45E-19, 1.69E-19
204.5, 3.54E-19, 1.73E-19
204.63, 3.60E-19, 1.76E-19
204.75, 3.63E-19, 1.78E-19
204.88, 3.60E-19, 1.76E-19
205.0, 3.75E-19, 1.83E-19
205.13, 3.64E-19, 1.78E-19
205.25, 3.77E-19, 1.84E-19
205.38, 3.70E-19, 1.80E-19
205.5, 3.47E-19, 1.69E-19
205.63, 3.50E-19, 1.71E-19
205.75, 3.40E-19, 1.66E-19
205.88, 3.33E-19, 1.62E-19
206.0, 3.34E-19, 1.62E-19
206.13, 3.40E-19, 1.65E-19
206.25, 3.45E-19, 1.68E-19
206.38, 3.40E-19, 1.65E-19
206.5, 3.34E-19, 1.62E-19
206.63, 3.39E-19, 1.64E-19
206.75, 3.34E-19, 1.62E-19
206.88, 3.54E-19, 1.71E-19
207.0, 3.43E-19, 1.66E-19
207.13, 3.51E-19, 1.70E-19
207.25, 3.62E-19, 1.75E-19
207.38, 3.65E-19, 1.76E-19
207.5, 3.80E-19, 1.84E-19
207.63, 3.89E-19, 1.88E-19
207.75, 3.88E-19, 1.87E-19
207.88, 4.09E-19, 1.97E-19
208.0, 4.22E-19, 2.03E-19
208.13, 4.54E-19, 2.19E-19
208.25, 4.40E-19, 2.12E-19
208.38, 4.50E-19, 2.16E-19
208.5, 4.51E-19, 2.17E-19
208.63, 4.42E-19, 2.12E-19
208.75, 4.33E-19, 2.08E-19
208.88, 4.30E-19, 2.06E-19
209.0, 4.27E-19, 2.05E-19
209.13, 4.27E-19, 2.05E-19
209.25, 4.25E-19, 2.04E-19
209.38, 4.15E-19, 1.99E-19
209.5, 4.10E-19, 1.96E-19
209.63, 3.92E-19, 1.87E-19
209.75, 4.00E-19, 1.91E-19
209.88, 4.04E-19, 1.93E-19
210.0, 3.85E-19, 1.84E-19
210.13, 3.79E-19, 1.81E-19
210.25, 3.70E-19, 1.76E-19
210.38, 3.67E-19, 1.75E-19
210.5, 3.74E-19, 1.78E-19
210.63, 3.79E-19, 1.80E-19
210.75, 3.78E-19, 1.80E-19
210.88, 3.79E-19, 1.80E-19
211.0, 3.94E-19, 1.87E-19
211.13, 4.06E-19, 1.93E-19
211.25, 4.04E-19, 1.92E-19
211.38, 4.13E-19, 1.96E-19
211.5, 4.25E-19, 2.01E-19
211.63, 4.43E-19, 2.10E-19
211.75, 4.43E-19, 2.10E-19
211.88, 4.55E-19, 2.15E-19
212.0, 4.59E-19, 2.17E-19
212.13, 4.65E-19, 2.20E-19
212.25, 4.71E-19, 2.22E-19
212.38, 4.78E-19, 2.26E-19
212.5, 4.88E-19, 2.30E-19
212.63, 5.01E-19, 2.36E-19
212.75, 5.07E-19, 2.39E-19
212.88, 5.00E-19, 2.35E-19
213.0, 4.91E-19, 2.31E-19
213.13, 4.77E-19, 2.24E-19
213.25, 4.62E-19, 2.17E-19
213.38, 4.57E-19, 2.15E-19
213.5, 4.55E-19, 2.14E-19
213.63, 4.55E-19, 2.13E-19
213.75, 4.51E-19, 2.11E-19
213.88, 4.38E-19, 2.05E-19
214.0, 4.26E-19, 1.99E-19
214.13, 4.28E-19, 2.00E-19
214.25, 4.18E-19, 1.95E-19
214.38, 4.21E-19, 1.97E-19
214.5, 4.22E-19, 1.97E-19
214.63, 4.30E-19, 2.01E-19
214.75, 4.26E-19, 1.99E-19
214.88, 4.25E-19, 1.98E-19
215.0, 4.02E-19, 1.87E-19
215.13, 3.97E-19, 1.85E-19
215.25, 4.11E-19, 1.91E-19
215.38, 3.97E-19, 1.85E-19
215.5, 3.99E-19, 1.85E-19
215.63, 4.13E-19, 1.92E-19
215.75, 4.25E-19, 1.97E-19
215.88, 4.54E-19, 2.11E-19
216.0, 4.64E-19, 2.15E-19
216.13, 4.76E-19, 2.21E-19
216.25, 4.79E-19, 2.22E-19
216.38, 4.86E-19, 2.25E-19
216.5, 4.84E-19, 2.24E-19
216.63, 4.87E-19, 2.25E-19
216.75, 4.98E-19, 2.30E-19
216.88, 4.98E-19, 2.30E-19
217.0, 4.99E-19, 2.30E-19
217.13, 5.00E-19, 2.30E-19
217.25, 4.95E-19, 2.28E-19
217.38, 4.84E-19, 2.23E-19
217.5, 4.71E-19, 2.17E-19
217.63, 4.71E-19, 2.17E-19
217.75, 4.54E-19, 2.09E-19
217.88, 4.45E-19, 2.04E-19
218.0, 4.37E-19, 2.01E-19
218.13, 4.17E-19, 1.91E-19
218.25, 4.21E-19, 1.93E-19
218.38, 4.20E-19, 1.92E-19
218.5, 4.16E-19, 1.90E-19
218.63, 4.27E-19, 1.95E-19
218.75, 4.18E-19, 1.91E-19
218.88, 4.16E-19, 1.90E-19
219.0, 3.92E-19, 1.79E-19
219.13, 3.85E-19, 1.76E-19
219.25, 3.89E-19, 1.77E-19
219.38, 3.79E-19, 1.73E-19
219.5, 3.70E-19, 1.69E-19
219.63, 3.78E-19, 1.72E-19
219.75, 3.82E-19, 1.74E-19
219.88, 3.91E-19, 1.78E-19
220.0, 3.96E-19, 1.80E-19
220.13, 4.09E-19, 1.86E-19
220.25, 4.03E-19, 1.83E-19
220.38, 4.18E-19, 1.90E-19
220.5, 4.33E-19, 1.96E-19
220.63, 4.56E-19, 2.07E-19
220.75, 4.66E-19, 2.11E-19
220.88, 4.83E-19, 2.19E-19
221.0, 4.88E-19, 2.21E-19
221.13, 4.87E-19, 2.20E-19
221.25, 4.85E-19, 2.19E-19
221.38, 4.79E-19, 2.16E-19
221.5, 4.88E-19, 2.20E-19
221.63, 4.85E-19, 2.19E-19
221.75, 4.73E-19, 2.13E-19
221.88, 4.79E-19, 2.16E-19
222.0, 4.66E-19, 2.10E-19
222.13, 4.55E-19, 2.05E-19
222.25, 4.53E-19, 2.04E-19
222.38, 4.27E-19, 1.92E-19
222.5, 4.11E-19, 1.84E-19
222.63, 4.17E-19, 1.87E-19
222.75, 4.04E-19, 1.81E-19
222.88, 3.92E-19, 1.76E-19
223.0, 3.75E-19, 1.68E-19
223.13, 3.56E-19, 1.59E-19
223.25, 3.56E-19, 1.59E-19
223.38, 3.50E-19, 1.56E-19
223.5, 3.50E-19, 1.56E-19
223.63, 3.42E-19, 1.53E-19
223.75, 3.48E-19, 1.55E-19
223.88, 3.47E-19, 1.55E-19
224.0, 3.50E-19, 1.56E-19
224.13, 3.58E-19, 1.59E-19
224.25, 3.63E-19, 1.61E-19
224.38, 3.62E-19, 1.61E-19
224.5, 3.37E-19, 1.50E-19
224.63, 3.41E-19, 1.51E-19
224.75, 3.23E-19, 1.43E-19
224.88, 3.26E-19, 1.45E-19
225.0, 3.24E-19, 1.44E-19
225.13, 3.16E-19, 1.40E-19
225.25, 3.26E-19, 1.44E-19
225.38, 3.43E-19, 1.52E-19
225.5, 3.60E-19, 1.59E-19
225.63, 3.74E-19, 1.65E-19
225.75, 4.06E-19, 1.79E-19
225.88, 4.21E-19, 1.86E-19
226.0, 4.46E-19, 1.97E-19
226.13, 4.67E-19, 2.06E-19
226.25, 4.75E-19, 2.09E-19
226.38, 4.65E-19, 2.05E-19
226.5, 4.57E-19, 2.01E-19
226.63, 4.38E-19, 1.92E-19
226.75, 4.18E-19, 1.84E-19
226.88, 3.95E-19, 1.73E-19
227.0, 3.68E-19, 1.61E-19
227.13, 3.51E-19, 1.54E-19
227.25, 3.36E-19, 1.47E-19
227.38, 3.15E-19, 1.38E-19
227.5, 3.05E-19, 1.33E-19
227.63, 2.81E-19, 1.23E-19
227.75, 2.83E-19, 1.24E-19
227.88, 2.86E-19, 1.25E-19
228.0, 2.94E-19, 1.28E-19
228.13, 2.90E-19, 1.26E-19
228.25, 2.80E-19, 1.22E-19
228.38, 2.98E-19, 1.30E-19
228.5, 2.93E-19, 1.27E-19
228.63, 2.86E-19, 1.24E-19
228.75, 2.71E-19, 1.18E-19
228.88, 2.73E-19, 1.19E-19
229.0, 2.57E-19, 1.12E-19
229.13, 2.50E-19, 1.08E-19
229.25, 2.39E-19, 1.04E-19
229.38, 2.26E-19, 9.79E-20
229.5, 2.20E-19, 9.52E-20
229.63, 2.20E-19, 9.52E-20
229.75, 2.23E-19, 9.64E-20
229.88, 2.24E-19, 9.68E-20
230.0, 2.43E-19, 1.05E-19
230.13, 2.47E-19, 1.07E-19
230.25, 2.59E-19, 1.12E-19
230.38, 2.69E-19, 1.16E-19
230.5, 2.63E-19, 1.13E-19
230.63, 2.81E-19, 1.21E-19
230.75, 2.90E-19, 1.25E-19
230.88, 2.92E-19, 1.25E-19
231.0, 3.09E-19, 1.33E-19
231.13, 3.05E-19, 1.31E-19
231.25, 3.06E-19, 1.31E-19
231.38, 3.01E-19, 1.29E-19
231.5, 2.93E-19, 1.25E-19
231.63, 2.81E-19, 1.20E-19
231.75, 2.80E-19, 1.20E-19
231.88, 2.65E-19, 1.13E-19
232.0, 2.66E-19, 1.14E-19
232.13, 2.57E-19, 1.10E-19
232.25, 2.59E-19, 1.10E-19
232.38, 2.67E-19, 1.14E-19
232.5, 2.79E-19, 1.19E-19
232.63, 2.77E-19, 1.18E-19
232.75, 2.69E-19, 1.14E-19
232.88, 2.57E-19, 1.09E-19
233.0, 2.39E-19, 1.02E-19
233.13, 2.27E-19, 9.64E-20
233.25, 2.11E-19, 8.95E-20
233.38, 1.91E-19, 8.10E-20
233.5, 1.74E-19, 7.37E-20
233.63, 1.59E-19, 6.73E-20
233.75, 1.43E-19, 6.05E-20
233.88, 1.37E-19, 5.79E-20
234.0, 1.32E-19, 5.58E-20
234.13, 1.29E-19, 5.45E-20
234.25, 1.29E-19, 5.44E-20
234.38, 1.26E-19, 5.31E-20
234.5, 1.15E-19, 4.85E-20
234.63, 1.04E-19, 4.38E-20
234.75, 1.07E-19, 4.50E-20
234.88, 1.26E-19, 5.30E-20
235.0, 1.48E-19, 6.22E-20
235.13, 1.52E-19, 6.38E-20
235.25, 1.84E-19, 7.72E-20
235.38, 2.08E-19, 8.72E-20
235.5, 2.06E-19, 8.63E-20
235.63, 1.93E-19, 8.08E-20
235.75, 1.66E-19, 6.95E-20
235.88, 1.56E-19, 6.53E-20
236.0, 1.40E-19, 5.85E-20
236.13, 1.31E-19, 5.47E-20
236.25, 1.38E-19, 5.76E-20
236.38, 1.47E-19, 6.13E-20
236.5, 1.58E-19, 6.59E-20
236.63, 1.56E-19, 6.50E-20
236.75, 1.52E-19, 6.33E-20
236.88, 1.48E-19, 6.16E-20
237.0, 1.49E-19, 6.19E-20
237.13, 1.54E-19, 6.40E-20
237.25, 1.59E-19, 6.60E-20
237.38, 1.70E-19, 7.05E-20
237.5, 1.79E-19, 7.42E-20
237.63, 1.81E-19, 7.50E-20
237.75, 1.71E-19, 7.08E-20
237.88, 1.59E-19, 6.58E-20
238.0, 1.44E-19, 5.95E-20
238.13, 1.27E-19, 5.25E-20
238.25, 1.15E-19, 4.75E-20
238.38, 1.06E-19, 4.37E-20
238.5, 9.12E-20, 3.76E-20
238.63, 8.81E-20, 3.63E-20
238.75, 7.73E-20, 3.18E-20
238.88, 7.06E-20, 2.90E-20
239.0, 8.41E-20, 3.46E-20
239.13, 1.14E-19, 4.68E-20
239.25, 1.21E-19, 4.97E-20
239.38, 1.21E-19, 4.96E-20
239.5, 1.05E-19, 4.31E-20
239.63, 9.71E-20, 3.98E-20
239.75, 8.78E-20, 3.60E-20
239.88, 7.48E-20, 3.06E-20
240.0, 6.70E-20, 2.74E-20
240.13, 5.51E-20, 2.25E-20
240.25, 5.76E-20, 2.35E-20
240.38, 4.73E-20, 1.93E-20
240.5, 3.72E-20, 1.52E-20
240.63, 2.60E-20, 1.06E-20
240.75, 3.01E-20, 1.23E-20
240.88, 2.68E-20, 1.09E-20
241.0, 2.64E-20, 1.07E-20
241.13, 1.93E-20, 7.84E-21
241.25, 1.41E-20, 5.73E-21
241.38, 2.53E-20, 1.03E-20
241.5, 1.37E-20, 5.55E-21
241.63, 2.98E-20, 1.21E-20
241.75, 2.64E-20, 1.07E-20
241.88, 4.06E-20, 1.64E-20
242.0, 7.44E-20, 3.01E-20
242.13, 1.16E-19, 4.69E-20
242.25, 1.41E-19, 5.69E-20
242.38, 1.45E-19, 5.85E-20
242.5, 1.20E-19, 4.84E-20
242.63, 1.06E-19, 4.27E-20
242.75, 8.33E-20, 3.35E-20
242.88, 6.77E-20, 2.72E-20
243.0, 6.18E-20, 2.48E-20
243.13, 6.29E-20, 2.53E-20
243.25, 6.70E-20, 2.69E-20
243.38, 5.40E-20, 2.17E-20
243.5, 4.95E-20, 1.98E-20
243.63, 3.83E-20, 1.53E-20
243.75, 3.72E-20, 1.49E-20
243.88, 3.16E-20, 1.26E-20
244.0, 2.57E-20, 0.00E+00
244.13, 2.20E-20, 0.00E+00
244.25, 2.57E-20, 0.00E+00
244.38, 2.35E-20, 0.00E+00
244.5, 1.79E-20, 0.00E+00
244.63, 2.42E-20, 0.00E+00
244.75, 3.83E-20, 0.00E+00
244.88, 5.09E-20, 0.00E+00
245.0, 4.35E-20, 0.00E+00
245.13, 3.79E-20, 0.00E+00
245.25, 2.64E-20, 0.00E+00
245.38, 3.12E-20, 0.00E+00
245.5, 2.20E-20, 0.00E+00
245.63, 1.71E-20, 0.00E+00
245.75, 2.04E-20, 0.00E+00
245.88, 2.60E-20, 0.00E+00
246.0, 4.35E-20, 0.00E+00
246.13, 4.06E-20, 0.00E+00
246.25, 3.27E-20, 0.00E+00
246.38, 2.87E-20, 0.00E+00
246.5, 3.05E-20, 0.00E+00
246.63, 2.20E-20, 0.00E+00
246.75, 1.86E-20, 0.00E+00
246.88, 2.01E-20, 0.00E+00
247.0, 1.82E-20, 0.00E+00
247.13, 1.60E-20, 0.00E+00
247.25, 1.26E-20, 0.00E+00
247.38, 1.48E-20, 0.00E+00
247.5, 1.86E-20, 0.00E+00
247.63, 1.45E-20, 0.00E+00
247.75, 1.19E-20, 0.00E+00
247.88, 9.71E-21, 0.00E+00
248.0, 7.82E-21, 0.00E+00
248.13, 1.01E-20, 0.00E+00
248.25, 1.45E-20, 0.00E+00
248.38, 1.01E-20, 0.00E+00
248.5, 1.45E-20, 0.00E+00
248.63, 1.41E-20, 0.00E+00
248.75, 1.45E-20, 0.00E+00
248.88, 8.56E-21, 0.00E+00
249.0, 1.37E-20, 0.00E+00
249.13, 3.90E-20, 0.00E+00
249.25, 6.73E-20, 0.00E+00
249.38, 5.65E-20, 0.00E+00
249.5, 4.06E-20, 0.00E+00
249.63, 3.50E-20, 0.00E+00
249.75, 2.98E-20, 0.00E+00
249.88, 1.64E-20, 0.00E+00
250.0, 2.83E-20, 0.00E+00
250.13, 1.41E-20, 0.00E+00
250.25, 1.86E-20, 0.00E+00
250.38, 1.64E-20, 0.00E+00
250.5, 1.48E-20, 0.00E+00
250.63, 1.41E-20, 0.00E+00
250.75, 1.23E-20, 0.00E+00
250.88, 1.41E-20, 0.00E+00
251.0, 1.37E-20, 0.00E+00
251.13, 1.15E-20, 0.00E+00
251.25, 1.26E-20, 0.00E+00
251.38, 1.48E-20, 0.00E+00
251.5, 1.12E-20, 0.00E+00
251.63, 7.06E-21, 0.00E+00
251.75, 1.30E-20, 0.00E+00
251.88, 1.37E-20, 0.00E+00
252.0, 8.92E-21, 0.00E+00
252.13, 8.56E-21, 0.00E+00
252.25, 1.23E-20, 0.00E+00
252.38, 1.57E-20, 0.00E+00
252.5, 1.57E-20, 0.00E+00
252.63, 1.64E-20, 0.00E+00
252.75, 1.23E-20, 0.00E+00
252.88, 1.75E-20, 0.00E+00
253.0, 2.20E-20, 0.00E+00
253.13, 1.19E-20, 0.00E+00
253.25, 1.34E-20, 0.00E+00
253.38, 1.45E-20, 0.00E+00
253.5, 1.41E-20, 0.00E+00
253.63, 6.70E-21, 0.00E+00
253.75, 1.45E-20, 0.00E+00
253.88, 2.01E-20, 0.00E+00
254.0, 2.08E-20, 0.00E+00
254.13, 1.48E-20, 0.00E+00
254.25, 1.75E-20, 0.00E+00
254.38, 1.04E-20, 0.00E+00
254.5, 1.45E-20, 0.00E+00
254.63, 1.57E-20, 0.00E+00
254.75, 2.08E-20, 0.00E+00
254.88, 1.30E-20, 0.00E+00
255.0, 1.45E-20, 0.00E+00
255.13, 8.92E-21, 0.00E+00
255.25, 1.68E-20, 0.00E+00
255.38, 1.48E-20, 0.00E+00
255.5, 1.71E-20, 0.00E+00
255.63, 1.19E-20, 0.00E+00
255.75, 1.41E-20, 0.00E+00
255.88, 1.52E-20, 0.00E+00
256.0, 1.08E-20, 0.00E+00
256.13, 2.08E-20, 0.00E+00
256.25, 1.75E-20, 0.00E+00
256.38, 1.48E-20, 0.00E+00
256.5, 2.04E-20, 0.00E+00
256.63, 1.57E-20, 0.00E+00
256.75, 9.71E-21, 0.00E+00
256.88, 1.08E-20, 0.00E+00
257.0, 1.34E-20, 0.00E+00
257.13, 1.30E-20, 0.00E+00
257.25, 1.79E-20, 0.00E+00
257.38, 1.41E-20, 0.00E+00
257.5, 1.01E-20, 0.00E+00
257.63, 1.15E-20, 0.00E+00
257.75, 1.52E-20, 0.00E+00
257.88, 1.71E-20, 0.00E+00
258.0, 1.64E-20, 0.00E+00
258.13, 1.79E-20, 0.00E+00
258.25, 1.57E-20, 0.00E+00
258.38, 1.48E-20, 0.00E+00
258.5, 2.15E-20, 0.00E+00
258.63, 1.57E-20, 0.00E+00
258.75, 2.35E-20, 0.00E+00
258.88, 1.12E-20, 0.00E+00
259.0, 1.90E-20, 0.00E+00
259.13, 1.75E-20, 0.00E+00
259.25, 1.41E-20, 0.00E+00
259.38, 2.08E-20, 0.00E+00
259.5, 1.37E-20, 0.00E+00
259.63, 2.27E-20, 0.00E+00
259.75, 2.04E-20, 0.00E+00
259.88, 1.75E-20, 0.00E+00
260.0, 1.90E-20, 0.00E+00
260.13, 1.71E-20, 0.00E+00
260.25, 1.90E-20, 0.00E+00
260.38, 1.41E-20, 0.00E+00
260.5, 1.52E-20, 0.00E+00
260.63, 1.60E-20, 0.00E+00
260.75, 1.71E-20, 0.00E+00
260.88, 1.93E-20, 0.00E+00
261.0, 1.64E-20, 0.00E+00
261.13, 1.52E-20, 0.00E+00
261.25, 1.41E-20, 0.00E+00
261.38, 1.52E-20, 0.00E+00
261.5, 1.97E-20, 0.00E+00
261.63, 1.57E-20, 0.00E+00
261.75, 1.45E-20, 0.00E+00
261.88, 2.01E-20, 0.00E+00
262.0, 2.04E-20, 0.00E+00
262.13, 1.79E-20, 0.00E+00
262.25, 1.97E-20, 0.00E+00
262.38, 2.01E-20, 0.00E+00
262.5, 1.68E-20, 0.00E+00
262.63, 2.12E-20, 0.00E+00
262.75, 1.68E-20, 0.00E+00
262.88, 2.01E-20, 0.00E+00
263.0, 2.24E-20, 0.00E+00
263.13, 2.42E-20, 0.00E+00
263.25, 2.35E-20, 0.00E+00
263.38, 2.04E-20, 0.00E+00
263.5, 1.86E-20, 0.00E+00
263.63, 2.04E-20, 0.00E+00
263.75, 1.75E-20, 0.00E+00
263.88, 1.93E-20, 0.00E+00
264.0, 2.08E-20, 0.00E+00
264.13, 2.12E-20, 0.00E+00
264.25, 1.82E-20, 0.00E+00
264.38, 2.38E-20, 0.00E+00
264.5, 1.82E-20, 0.00E+00
264.63, 2.57E-20, 0.00E+00
264.75, 2.27E-20, 0.00E+00
264.88, 2.35E-20, 0.00E+00
265.0, 2.04E-20, 0.00E+00
265.13, 2.46E-20, 0.00E+00
265.25, 2.68E-20, 0.00E+00
265.38, 2.46E-20, 0.00E+00
265.5, 2.49E-20, 0.00E+00
265.63, 2.24E-20, 0.00E+00
265.75, 2.35E-20, 0.00E+00
265.88, 2.27E-20, 0.00E+00
266.0, 2.38E-20, 0.00E+00
266.13, 2.15E-20, 0.00E+00
266.25, 1.86E-20, 0.00E+00
266.38, 2.08E-20, 0.00E+00
266.5, 2.24E-20, 0.00E+00
266.63, 1.97E-20, 0.00E+00
266.75, 2.20E-20, 0.00E+00
266.88, 2.57E-20, 0.00E+00
267.0, 2.42E-20, 0.00E+00
267.13, 2.53E-20, 0.00E+00
267.25, 2.49E-20, 0.00E+00
267.38, 2.79E-20, 0.00E+00
267.5, 2.42E-20, 0.00E+00
267.63, 2.38E-20, 0.00E+00
267.75, 2.53E-20, 0.00E+00
267.88, 2.49E-20, 0.00E+00
268.0, 2.38E-20, 0.00E+00
268.13, 2.35E-20, 0.00E+00
268.25, 2.64E-20, 0.00E+00
268.38, 2.79E-20, 0.00E+00
268.5, 2.79E-20, 0.00E+00
268.63, 2.79E-20, 0.00E+00
268.75, 2.87E-20, 0.00E+00
268.88, 2.68E-20, 0.00E+00
269.0, 2.79E-20, 0.00E+00
269.13, 3.12E-20, 0.00E+00
269.25, 3.01E-20, 0.00E+00
269.38, 2.98E-20, 0.00E+00
269.5, 2.87E-20, 0.00E+00
269.63, 2.98E-20, 0.00E+00
269.75, 2.90E-20, 0.00E+00
269.88, 3.05E-20, 0.00E+00
270.0, 3.12E-20, 0.00E+00
270.13, 3.12E-20, 0.00E+00
270.25, 2.98E-20, 0.00E+00
270.38, 3.16E-20, 0.00E+00
270.5, 2.98E-20, 0.00E+00
270.63, 3.05E-20, 0.00E+00
270.75, 2.98E-20, 0.00E+00
270.88, 2.71E-20, 0.00E+00
271.0, 3.05E-20, 0.00E+00
271.13, 3.16E-20, 0.00E+00
271.25, 3.12E-20, 0.00E+00
271.38, 2.83E-20, 0.00E+00
271.5, 2.83E-20, 0.00E+00
271.63, 2.90E-20, 0.00E+00
271.75, 2.90E-20, 0.00E+00
271.88, 3.01E-20, 0.00E+00
272.0, 3.09E-20, 0.00E+00
272.13, 3.16E-20, 0.00E+00
272.25, 2.94E-20, 0.00E+00
272.38, 3.43E-20, 0.00E+00
272.5, 3.20E-20, 0.00E+00
272.63, 3.31E-20, 0.00E+00
272.75, 3.31E-20, 0.00E+00
272.88, 3.72E-20, 0.00E+00
273.0, 3.79E-20, 0.00E+00
273.13, 3.68E-20, 0.00E+00
273.25, 3.65E-20, 0.00E+00
273.38, 3.79E-20, 0.00E+00
273.5, 3.72E-20, 0.00E+00
273.63, 3.65E-20, 0.00E+00
273.75, 3.79E-20, 0.00E+00
273.88, 3.90E-20, 0.00E+00
274.0, 3.65E-20, 0.00E+00
274.13, 3.90E-20, 0.00E+00
274.25, 4.01E-20, 0.00E+00
274.38, 4.01E-20, 0.00E+00
274.5, 3.83E-20, 0.00E+00
274.63, 4.01E-20, 0.00E+00
274.75, 3.83E-20, 0.00E+00
274.88, 4.21E-20, 0.00E+00
275.0, 4.01E-20, 0.00E+00
275.13, 4.06E-20, 0.00E+00
275.25, 4.06E-20, 0.00E+00
275.38, 4.01E-20, 0.00E+00
275.5, 4.13E-20, 0.00E+00
275.63, 4.10E-20, 0.00E+00
275.75, 3.98E-20, 0.00E+00
275.88, 3.94E-20, 0.00E+00
276.0, 3.94E-20, 0.00E+00
276.13, 3.98E-20, 0.00E+00
276.25, 4.13E-20, 0.00E+00
276.38, 4.10E-20, 0.00E+00
276.5, 4.17E-20, 0.00E+00
276.63, 4.24E-20, 0.00E+00
276.75, 4.10E-20, 0.00E+00
276.88, 4.43E-20, 0.00E+00
277.0, 4.24E-20, 0.00E+00
277.13, 4.28E-20, 0.00E+00
277.25, 4.21E-20, 0.00E+00
277.38, 4.43E-20, 0.00E+00
277.5, 4.28E-20, 0.00E+00
277.63, 4.28E-20, 0.00E+00
277.75, 4.57E-20, 0.00E+00
277.88, 4.46E-20, 0.00E+00
278.0, 4.80E-20, 0.00E+00
278.13, 4.69E-20, 0.00E+00
278.25, 4.87E-20, 0.00E+00
278.38, 4.61E-20, 0.00E+00
278.5, 4.87E-20, 0.00E+00
278.63, 4.80E-20, 0.00E+00
278.75, 4.76E-20, 0.00E+00
278.88, 5.20E-20, 0.00E+00
279.0, 5.02E-20, 0.00E+00
279.13, 4.91E-20, 0.00E+00
279.25, 5.24E-20, 0.00E+00
279.38, 5.51E-20, 0.00E+00
279.5, 5.58E-20, 0.00E+00
279.63, 5.47E-20, 0.00E+00
279.75, 5.76E-20, 0.00E+00
279.88, 5.51E-20, 0.00E+00
280.0, 5.54E-20, 0.00E+00
280.13, 5.24E-20, 0.00E+00
280.25, 5.54E-20, 0.00E+00
280.38, 5.29E-20, 0.00E+00
280.5, 5.32E-20, 0.00E+00
280.63, 5.47E-20, 0.00E+00
280.75, 5.29E-20, 0.00E+00
280.88, 5.36E-20, 0.00E+00
281.0, 5.58E-20, 0.00E+00
281.13, 5.51E-20, 0.00E+00
281.25, 5.65E-20, 0.00E+00
281.38, 5.65E-20, 0.00E+00
281.5, 5.92E-20, 0.00E+00
281.63, 5.76E-20, 0.00E+00
281.75, 5.65E-20, 0.00E+00
281.88, 5.47E-20, 0.00E+00
282.0, 5.36E-20, 0.00E+00
282.13, 5.24E-20, 0.00E+00
282.25, 5.54E-20, 0.00E+00
282.38, 5.47E-20, 0.00E+00
282.5, 5.32E-20, 0.00E+00
282.63, 5.32E-20, 0.00E+00
282.75, 5.54E-20, 0.00E+00
282.88, 5.40E-20, 0.00E+00
283.0, 5.58E-20, 0.00E+00
283.13, 5.73E-20, 0.00E+00
283.25, 5.96E-20, 0.00E+00
283.38, 5.96E-20, 0.00E+00
283.5, 6.14E-20, 0.00E+00
283.63, 6.40E-20, 0.00E+00
283.75, 6.21E-20, 0.00E+00
283.88, 7.59E-20, 0.00E+00
284.0, 6.25E-20, 0.00E+00
284.13, 6.59E-20, 0.00E+00
284.25, 6.55E-20, 0.00E+00
284.38, 6.73E-20, 0.00E+00
284.5, 6.77E-20, 0.00E+00
284.63, 6.81E-20, 0.00E+00
284.75, 6.88E-20, 0.00E+00
284.88, 6.99E-20, 0.00E+00
285.0, 6.99E-20, 0.00E+00
285.13, 6.92E-20, 0.00E+00
285.25, 7.22E-20, 0.00E+00
285.38, 7.10E-20, 0.00E+00
285.5, 7.26E-20, 0.00E+00
285.63, 7.33E-20, 0.00E+00
285.75, 7.26E-20, 0.00E+00
285.88, 7.48E-20, 0.00E+00
286.0, 7.29E-20, 0.00E+00
286.13, 7.62E-20, 0.00E+00
286.25, 7.62E-20, 0.00E+00
286.38, 7.66E-20, 0.00E+00
286.5, 7.51E-20, 0.00E+00
286.63, 7.37E-20, 0.00E+00
286.75, 7.44E-20, 0.00E+00
286.88, 7.33E-20, 0.00E+00
287.0, 7.37E-20, 0.00E+00
287.13, 7.18E-20, 0.00E+00
287.25, 7.18E-20, 0.00E+00
287.38, 7.48E-20, 0.00E+00
287.5, 7.37E-20, 0.00E+00
287.63, 7.37E-20, 0.00E+00
287.75, 7.26E-20, 0.00E+00
287.88, 7.44E-20, 0.00E+00
288.0, 7.66E-20, 0.00E+00
288.13, 7.62E-20, 0.00E+00
288.25, 7.48E-20, 0.00E+00
288.38, 7.51E-20, 0.00E+00
288.5, 7.55E-20, 0.00E+00
288.63, 7.59E-20, 0.00E+00
288.75, 7.70E-20, 0.00E+00
288.88, 7.82E-20, 0.00E+00
289.0, 7.89E-20, 0.00E+00
289.13, 8.11E-20, 0.00E+00
289.25, 8.04E-20, 0.00E+00
289.38, 8.11E-20, 0.00E+00
289.5, 8.29E-20, 0.00E+00
289.63, 8.26E-20, 0.00E+00
289.75, 8.22E-20, 0.00E+00
289.88, 8.56E-20, 0.00E+00
290.0, 8.18E-20, 0.00E+00
290.13, 7.93E-20, 0.00E+00
290.25, 8.07E-20, 0.00E+00
290.38, 8.07E-20, 0.00E+00
290.5, 8.00E-20, 0.00E+00
290.63, 9.12E-20, 0.00E+00
290.75, 9.25E-20, 0.00E+00
290.88, 7.82E-20, 0.00E+00
291.0, 9.90E-20, 0.00E+00
291.13, 8.81E-20, 0.00E+00
291.25, 1.04E-19, 0.00E+00
291.38, 9.44E-20, 0.00E+00
291.5, 1.05E-19, 0.00E+00
291.63, 1.11E-19, 0.00E+00
291.75, 1.06E-19, 0.00E+00
291.88, 1.04E-19, 0.00E+00
292.0, 9.35E-20, 0.00E+00
292.13, 9.99E-20, 0.00E+00
292.25, 9.35E-20, 0.00E+00
292.38, 9.35E-20, 0.00E+00
292.5, 1.05E-19, 0.00E+00
292.63, 9.99E-20, 0.00E+00
292.75, 9.04E-20, 0.00E+00
292.88, 1.05E-19, 0.00E+00
293.0, 9.71E-20, 0.00E+00
293.13, 1.06E-19, 0.00E+00
293.25, 9.80E-20, 0.00E+00
293.38, 9.25E-20, 0.00E+00
293.5, 8.70E-20, 0.00E+00
293.63, 8.67E-20, 0.00E+00
293.75, 9.15E-20, 0.00E+00
293.88, 9.62E-20, 0.00E+00
294.0, 9.53E-20, 0.00E+00
294.13, 8.85E-20, 0.00E+00
294.25, 9.71E-20, 0.00E+00
294.38, 9.35E-20, 0.00E+00
294.5, 9.71E-20, 0.00E+00
294.63, 9.71E-20, 0.00E+00
294.75, 9.90E-20, 0.00E+00
294.88, 9.71E-20, 0.00E+00
295.0, 9.71E-20, 0.00E+00
295.13, 1.01E-19, 0.00E+00
295.25, 9.80E-20, 0.00E+00
295.38, 1.05E-19, 0.00E+00
295.5, 9.35E-20, 0.00E+00
295.63, 9.15E-20, 0.00E+00
295.75, 8.89E-20, 0.00E+00
295.88, 9.62E-20, 0.00E+00
296.0, 9.35E-20, 0.00E+00
296.13, 1.01E-19, 0.00E+00
296.25, 9.44E-20, 0.00E+00
296.38, 1.11E-19, 0.00E+00
296.5, 1.12E-19, 0.00E+00
296.63, 1.09E-19, 0.00E+00
296.75, 1.15E-19, 0.00E+00
296.88, 1.16E-19, 0.00E+00
297.0, 1.22E-19, 0.00E+00
297.13, 1.28E-19, 0.00E+00
297.25, 1.32E-19, 0.00E+00
297.38, 1.26E-19, 0.00E+00
297.5, 1.35E-19, 0.00E+00
297.63, 1.37E-19, 0.00E+00
297.75, 1.36E-19, 0.00E+00
297.88, 1.34E-19, 0.00E+00
298.0, 1.17E-19, 0.00E+00
298.13, 1.19E-19, 0.00E+00
298.25, 1.15E-19, 0.00E+00
298.38, 1.15E-19, 0.00E+00
298.5, 1.25E-19, 0.00E+00
298.63, 1.15E-19, 0.00E+00
298.75, 1.16E-19, 0.00E+00
298.88, 1.21E-19, 0.00E+00
299.0, 1.26E-19, 0.00E+00
299.13, 1.26E-19, 0.00E+00
299.25, 1.19E-19, 0.00E+00
299.38, 1.15E-19, 0.00E+00
299.5, 1.27E-19, 0.00E+00
299.63, 1.26E-19, 0.00E+00
299.75, 1.19E-19, 0.00E+00
299.88, 1.33E-19, 0.00E+00
300.0, 1.17E-19, 0.00E+00
300.13, 1.26E-19, 0.00E+00
300.25, 1.12E-19, 0.00E+00
300.38, 1.18E-19, 0.00E+00
300.5, 1.26E-19, 0.00E+00
300.63, 1.22E-19, 0.00E+00
300.75, 1.21E-19, 0.00E+00
300.88, 1.23E-19, 0.00E+00
301.0, 1.23E-19, 0.00E+00
301.13, 1.22E-19, 0.00E+00
301.25, 1.18E-19, 0.00E+00
301.38, 1.30E-19, 0.00E+00
301.5, 1.30E-19, 0.00E+00
301.63, 1.36E-19, 0.00E+00
301.75, 1.38E-19, 0.00E+00
301.88, 1.36E-19, 0.00E+00
302.0, 1.38E-19, 0.00E+00
302.13, 1.48E-19, 0.00E+00
302.25, 1.32E-19, 0.00E+00
302.38, 1.44E-19, 0.00E+00
302.5, 1.52E-19, 0.00E+00
302.63, 1.47E-19, 0.00E+00
302.75, 1.50E-19, 0.00E+00
302.88, 1.48E-19, 0.00E+00
303.0, 1.59E-19, 0.00E+00
303.13, 1.53E-19, 0.00E+00
303.25, 1.47E-19, 0.00E+00
303.38, 1.51E-19, 0.00E+00
303.5, 1.54E-19, 0.00E+00
303.63, 1.58E-19, 0.00E+00
303.75, 1.54E-19, 0.00E+00
303.88, 1.64E-19, 0.00E+00
304.0, 1.59E-19, 0.00E+00
304.13, 1.58E-19, 0.00E+00
304.25, 1.49E-19, 0.00E+00
304.38, 1.49E-19, 0.00E+00
304.5, 1.58E-19, 0.00E+00
304.63, 1.49E-19, 0.00E+00
304.75, 1.50E-19, 0.00E+00
304.88, 1.54E-19, 0.00E+00
305.0, 1.66E-19, 0.00E+00
305.13, 1.57E-19, 0.00E+00
305.25, 1.55E-19, 0.00E+00
305.38, 1.52E-19, 0.00E+00
305.5, 1.60E-19, 0.00E+00
305.63, 1.52E-19, 0.00E+00
305.75, 1.53E-19, 0.00E+00
305.88, 1.42E-19, 0.00E+00
306.0, 1.59E-19, 0.00E+00
306.13, 1.56E-19, 0.00E+00
306.25, 1.55E-19, 0.00E+00
306.38, 1.60E-19, 0.00E+00
306.5, 1.37E-19, 0.00E+00
306.63, 1.48E-19, 0.00E+00
306.75, 1.60E-19, 0.00E+00
306.88, 1.60E-19, 0.00E+00
307.0, 1.63E-19, 0.00E+00
307.13, 1.66E-19, 0.00E+00
307.25, 1.71E-19, 0.00E+00
307.38, 1.67E-19, 0.00E+00
307.5, 1.69E-19, 0.00E+00
307.63, 1.76E-19, 0.00E+00
307.75, 1.62E-19, 0.00E+00
307.88, 1.66E-19, 0.00E+00
308.0, 1.62E-19, 0.00E+00
308.13, 1.68E-19, 0.00E+00
308.25, 1.61E-19, 0.00E+00
308.38, 1.63E-19, 0.00E+00
308.5, 1.64E-19, 0.00E+00
308.63, 1.74E-19, 0.00E+00
308.75, 1.78E-19, 0.00E+00
308.88, 1.81E-19, 0.00E+00
309.0, 1.84E-19, 0.00E+00
309.13, 1.86E-19, 0.00E+00
309.25, 1.81E-19, 0.00E+00
309.38, 1.91E-19, 0.00E+00
309.5, 1.87E-19, 0.00E+00
309.63, 1.91E-19, 0.00E+00
309.75, 1.88E-19, 0.00E+00
309.88, 1.78E-19, 0.00E+00
310.0, 1.76E-19, 0.00E+00
310.13, 1.78E-19, 0.00E+00
310.25, 1.82E-19, 0.00E+00
310.38, 1.82E-19, 0.00E+00
310.5, 1.85E-19, 0.00E+00
310.63, 1.92E-19, 0.00E+00
310.75, 1.93E-19, 0.00E+00
310.88, 1.82E-19, 0.00E+00
311.0, 1.88E-19, 0.00E+00
311.13, 1.92E-19, 0.00E+00
311.25, 1.92E-19, 0.00E+00
311.38, 1.95E-19, 0.00E+00
311.5, 2.03E-19, 0.00E+00
311.63, 1.92E-19, 0.00E+00
311.75, 1.99E-19, 0.00E+00
311.88, 1.98E-19, 0.00E+00
312.0, 1.96E-19, 0.00E+00
312.13, 2.01E-19, 0.00E+00
312.25, 2.09E-19, 0.00E+00
312.38, 2.20E-19, 0.00E+00
312.5, 2.15E-19, 0.00E+00
312.63, 2.01E-19, 0.00E+00
312.75, 2.07E-19, 0.00E+00
312.88, 2.02E-19, 0.00E+00
313.0, 2.03E-19, 0.00E+00
313.13, 2.03E-19, 0.00E+00
313.25, 1.96E-19, 0.00E+00
313.38, 1.92E-19, 0.00E+00
313.5, 1.89E-19, 0.00E+00
313.63, 2.00E-19, 0.00E+00
313.75, 1.91E-19, 0.00E+00
313.88, 2.02E-19, 0.00E+00
314.0, 1.94E-19, 0.00E+00
314.13, 1.97E-19, 0.00E+00
314.25, 2.05E-19, 0.00E+00
314.38, 2.02E-19, 0.00E+00
314.5, 2.19E-19, 0.00E+00
314.63, 2.20E-19, 0.00E+00
314.75, 2.20E-19, 0.00E+00
314.88, 2.22E-19, 0.00E+00
315.0, 2.25E-19, 0.00E+00
315.13, 2.24E-19, 0.00E+00
315.25, 2.24E-19, 0.00E+00
315.38, 2.20E-19, 0.00E+00
315.5, 2.14E-19, 0.00E+00
315.63, 2.16E-19, 0.00E+00
315.75, 2.08E-19, 0.00E+00
315.88, 2.16E-19, 0.00E+00
316.0, 2.13E-19, 0.00E+00
316.13, 2.20E-19, 0.00E+00
316.25, 2.17E-19, 0.00E+00
316.38, 2.04E-19, 0.00E+00
316.5, 2.15E-19, 0.00E+00
316.63, 2.15E-19, 0.00E+00
316.75, 2.21E-19, 0.00E+00
316.88, 2.24E-19, 0.00E+00
317.0, 2.33E-19, 0.00E+00
317.13, 2.20E-19, 0.00E+00
317.25, 2.20E-19, 0.00E+00
317.38, 2.35E-19, 0.00E+00
317.5, 2.46E-19, 0.00E+00
317.63, 2.44E-19, 0.00E+00
317.75, 2.41E-19, 0.00E+00
317.88, 2.47E-19, 0.00E+00
318.0, 2.48E-19, 0.00E+00
318.13, 2.43E-19, 0.00E+00
318.25, 2.40E-19, 0.00E+00
318.38, 2.38E-19, 0.00E+00
318.5, 2.30E-19, 0.00E+00
318.63, 2.30E-19, 0.00E+00
318.75, 2.29E-19, 0.00E+00
318.88, 2.24E-19, 0.00E+00
319.0, 2.32E-19, 0.00E+00
319.13, 2.39E-19, 0.00E+00
319.25, 2.37E-19, 0.00E+00
319.38, 2.38E-19, 0.00E+00
319.5, 2.44E-19, 0.00E+00
319.63, 2.49E-19, 0.00E+00
319.75, 2.52E-19, 0.00E+00
319.88, 2.45E-19, 0.00E+00
320.0, 2.54E-19, 0.00E+00
320.13, 2.63E-19, 0.00E+00
320.25, 2.63E-19, 0.00E+00
320.38, 2.67E-19, 0.00E+00
320.5, 2.76E-19, 0.00E+00
320.63, 2.51E-19, 0.00E+00
320.75, 2.56E-19, 0.00E+00
320.88, 2.47E-19, 0.00E+00
321.0, 2.65E-19, 0.00E+00
321.13, 2.57E-19, 0.00E+00
321.25, 2.52E-19, 0.00E+00
321.38, 2.46E-19, 0.00E+00
321.5, 2.49E-19, 0.00E+00
321.63, 2.70E-19, 0.00E+00
321.75, 2.68E-19, 0.00E+00
321.88, 2.56E-19, 0.00E+00
322.0, 2.65E-19, 0.00E+00
322.13, 2.59E-19, 0.00E+00
322.25, 2.49E-19, 0.00E+00
322.38, 2.79E-19, 0.00E+00
322.5, 2.89E-19, 0.00E+00
322.63, 2.68E-19, 0.00E+00
322.75, 2.80E-19, 0.00E+00
322.88, 2.67E-19, 0.00E+00
323.0, 2.77E-19, 0.00E+00
323.13, 2.65E-19, 0.00E+00
323.25, 2.61E-19, 0.00E+00
323.38, 2.57E-19, 0.00E+00
323.5, 2.69E-19, 0.00E+00
323.63, 2.57E-19, 0.00E+00
323.75, 2.59E-19, 0.00E+00
323.88, 2.53E-19, 0.00E+00
324.0, 2.68E-19, 0.00E+00
324.13, 2.66E-19, 0.00E+00
324.25, 2.73E-19, 0.00E+00
324.38, 2.81E-19, 0.00E+00
324.5, 2.64E-19, 0.00E+00
324.63, 2.68E-19, 0.00E+00
324.75, 2.77E-19, 0.00E+00
324.88, 2.78E-19, 0.00E+00
325.0, 2.79E-19, 0.00E+00
325.13, 2.99E-19, 0.00E+00
325.25, 3.07E-19, 0.00E+00
325.38, 3.17E-19, 0.00E+00
325.5, 2.79E-19, 0.00E+00
325.63, 3.00E-19, 0.00E+00
325.75, 2.81E-19, 0.00E+00
325.88, 2.81E-19, 0.00E+00
326.0, 2.88E-19, 0.00E+00
326.13, 2.90E-19, 0.00E+00
326.25, 2.89E-19, 0.00E+00
326.38, 2.93E-19, 0.00E+00
326.5, 2.86E-19, 0.00E+00
326.63, 2.91E-19, 0.00E+00
326.75, 3.13E-19, 0.00E+00
326.88, 2.96E-19, 0.00E+00
327.0, 2.90E-19, 0.00E+00
327.13, 2.95E-19, 0.00E+00
327.25, 2.88E-19, 0.00E+00
327.38, 2.86E-19, 0.00E+00
327.5, 2.98E-19, 0.00E+00
327.63, 2.96E-19, 0.00E+00
327.75, 3.04E-19, 0.00E+00
327.88, 3.10E-19, 0.00E+00
328.0, 3.08E-19, 0.00E+00
328.13, 2.90E-19, 0.00E+00
328.25, 2.93E-19, 0.00E+00
328.38, 2.92E-19, 0.00E+00
328.5, 2.87E-19, 0.00E+00
328.63, 2.86E-19, 0.00E+00
328.75, 2.94E-19, 0.00E+00
328.88, 2.82E-19, 0.00E+00
329.0, 3.00E-19, 0.00E+00
329.13, 2.92E-19, 0.00E+00
329.25, 2.90E-19, 0.00E+00
329.38, 3.01E-19, 0.00E+00
329.5, 3.07E-19, 0.00E+00
329.63, 3.16E-19, 0.00E+00
329.75, 3.21E-19, 0.00E+00
329.88, 3.13E-19, 0.00E+00
330.0, 2.99E-19, 0.00E+00
330.13, 3.11E-19, 0.00E+00
330.25, 3.14E-19, 0.00E+00
330.38, 2.85E-19, 0.00E+00
330.5, 2.95E-19, 0.00E+00
330.63, 2.98E-19, 0.00E+00
330.75, 3.08E-19, 0.00E+00
330.88, 2.90E-19, 0.00E+00
331.0, 3.05E-19, 0.00E+00
331.13, 3.08E-19, 0.00E+00
331.25, 3.12E-19, 0.00E+00
331.38, 3.16E-19, 0.00E+00
331.5, 3.10E-19, 0.00E+00
331.63, 3.20E-19, 0.00E+00
331.75, 3.13E-19, 0.00E+00
331.88, 3.12E-19, 0.00E+00
332.0, 3.01E-19, 0.00E+00
332.13, 3.14E-19, 0.00E+00
332.25, 3.16E-19, 0.00E+00
332.38, 3.34E-19, 0.00E+00
332.5, 3.49E-19, 0.00E+00
332.63, 3.70E-19, 0.00E+00
332.75, 3.74E-19, 0.00E+00
332.88, 3.79E-19, 0.00E+00
333.0, 3.73E-19, 0.00E+00
333.13, 3.64E-19, 0.00E+00
333.25, 3.61E-19, 0.00E+00
333.38, 3.43E-19, 0.00E+00
333.5, 3.44E-19, 0.00E+00
333.63, 3.28E-19, 0.00E+00
333.75, 3.23E-19, 0.00E+00
333.88, 3.14E-19, 0.00E+00
334.0, 2.98E-19, 0.00E+00
334.13, 3.02E-19, 0.00E+00
334.25, 3.11E-19, 0.00E+00
334.38, 3.10E-19, 0.00E+00
334.5, 3.09E-19, 0.00E+00
334.63, 3.19E-19, 0.00E+00
334.75, 3.34E-19, 0.00E+00
334.88, 3.39E-19, 0.00E+00
335.0, 3.45E-19, 0.00E+00
335.13, 3.39E-19, 0.00E+00
335.25, 3.60E-19, 0.00E+00
335.38, 3.41E-19, 0.00E+00
335.5, 3.28E-19, 0.00E+00
335.63, 3.35E-19, 0.00E+00
335.75, 3.29E-19, 0.00E+00
335.88, 3.31E-19, 0.00E+00
336.0, 3.51E-19, 0.00E+00
336.13, 3.38E-19, 0.00E+00
336.25, 3.50E-19, 0.00E+00
336.38, 3.37E-19, 0.00E+00
336.5, 3.46E-19, 0.00E+00
336.63, 3.55E-19, 0.00E+00
336.75, 3.57E-19, 0.00E+00
336.88, 3.58E-19, 0.00E+00
337.0, 3.46E-19, 0.00E+00
337.13, 3.48E-19, 0.00E+00
337.25, 3.44E-19, 0.00E+00
337.38, 3.40E-19, 0.00E+00
337.5, 3.39E-19, 0.00E+00
337.63, 3.33E-19, 0.00E+00
337.75, 3.34E-19, 0.00E+00
337.88, 3.28E-19, 0.00E+00
338.0, 3.48E-19, 0.00E+00
338.13, 3.45E-19, 0.00E+00
338.25, 3.60E-19, 0.00E+00
338.38, 3.68E-19, 0.00E+00
338.5, 3.85E-19, 0.00E+00
338.63, 3.89E-19, 0.00E+00
338.75, 3.98E-19, 0.00E+00
338.88, 4.01E-19, 0.00E+00
339.0, 3.99E-19, 0.00E+00
339.13, 4.04E-19, 0.00E+00
339.25, 3.92E-19, 0.00E+00
339.38, 3.80E-19, 0.00E+00
339.5, 3.75E-19, 0.00E+00
339.63, 3.76E-19, 0.00E+00
339.75, 3.86E-19, 0.00E+00
339.88, 3.72E-19, 0.00E+00
340.0, 3.88E-19, 0.00E+00
340.13, 3.83E-19, 0.00E+00
340.25, 3.74E-19, 0.00E+00
340.38, 3.85E-19, 0.00E+00
340.5, 3.92E-19, 0.00E+00
340.63, 3.92E-19, 0.00E+00
340.75, 3.82E-19, 0.00E+00
340.88, 3.92E-19, 0.00E+00
341.0, 4.17E-19, 0.00E+00
341.13, 4.24E-19, 0.00E+00
341.25, 4.30E-19, 0.00E+00
341.38, 4.27E-19, 0.00E+00
341.5, 4.23E-19, 0.00E+00
341.63, 4.11E-19, 0.00E+00
341.75, 4.23E-19, 0.00E+00
341.88, 3.95E-19, 0.00E+00
342.0, 3.83E-19, 0.00E+00
342.13, 3.79E-19, 0.00E+00
342.25, 3.67E-19, 0.00E+00
342.38, 3.79E-19, 0.00E+00
342.5, 3.70E-19, 0.00E+00
342.63, 3.52E-19, 0.00E+00
342.75, 3.50E-19, 0.00E+00
342.88, 3.55E-19, 0.00E+00
343.0, 3.55E-19, 0.00E+00
343.13, 3.68E-19, 0.00E+00
343.25, 3.58E-19, 0.00E+00
343.38, 3.72E-19, 0.00E+00
343.5, 3.79E-19, 0.00E+00
343.63, 3.92E-19, 0.00E+00
343.75, 4.02E-19, 0.00E+00
343.88, 3.98E-19, 0.00E+00
344.0, 4.06E-19, 0.00E+00
344.13, 3.84E-19, 0.00E+00
344.25, 3.91E-19, 0.00E+00
344.38, 3.88E-19, 0.00E+00
344.5, 3.96E-19, 0.00E+00
344.63, 4.02E-19, 0.00E+00
344.75, 4.07E-19, 0.00E+00
344.88, 4.11E-19, 0.00E+00
345.0, 4.07E-19, 0.00E+00
345.13, 4.18E-19, 0.00E+00
345.25, 4.06E-19, 0.00E+00
345.38, 4.00E-19, 0.00E+00
345.5, 4.08E-19, 0.00E+00
345.63, 4.04E-19, 0.00E+00
345.75, 4.13E-19, 0.00E+00
345.88, 4.21E-19, 0.00E+00
346.0, 4.30E-19, 0.00E+00
346.13, 4.34E-19, 0.00E+00
346.25, 4.36E-19, 0.00E+00
346.38, 4.32E-19, 0.00E+00
346.5, 4.49E-19, 0.00E+00
346.63, 4.60E-19, 0.00E+00
346.75, 4.46E-19, 0.00E+00
346.88, 4.40E-19, 0.00E+00
347.0, 4.28E-19, 0.00E+00
347.13, 4.34E-19, 0.00E+00
347.25, 4.27E-19, 0.00E+00
347.38, 4.29E-19, 0.00E+00
347.5, 4.20E-19, 0.00E+00
347.63, 4.21E-19, 0.00E+00
347.75, 4.32E-19, 0.00E+00
347.88, 4.40E-19, 0.00E+00
348.0, 4.82E-19, 0.00E+00
348.13, 5.00E-19, 0.00E+00
348.25, 5.15E-19, 0.00E+00
348.38, 5.33E-19, 0.00E+00
348.5, 5.22E-19, 0.00E+00
348.63, 5.16E-19, 0.00E+00
348.75, 4.89E-19, 0.00E+00
348.88, 4.67E-19, 0.00E+00
349.0, 4.61E-19, 0.00E+00
349.13, 4.41E-19, 0.00E+00
349.25, 4.18E-19, 0.00E+00
349.38, 4.01E-19, 0.00E+00
349.5, 4.00E-19, 0.00E+00
349.63, 4.05E-19, 0.00E+00
349.75, 3.98E-19, 0.00E+00
349.88, 3.96E-19, 0.00E+00
350.0, 4.10E-19, 0.00E+00
350.13, 4.14E-19, 0.00E+00
350.25, 4.26E-19, 0.00E+00
350.38, 4.20E-19, 0.00E+00
350.5, 4.51E-19, 0.00E+00
350.63, 4.36E-19, 0.00E+00
350.75, 4.52E-19, 0.00E+00
350.88, 4.48E-19, 0.00E+00
351.0, 4.52E-19, 0.00E+00
351.13, 4.64E-19, 0.00E+00
351.25, 4.63E-19, 0.00E+00
351.38, 4.48E-19, 0.00E+00
351.5, 4.32E-19, 0.00E+00
351.63, 4.39E-19, 0.00E+00
351.75, 4.26E-19, 0.00E+00
351.88, 4.29E-19, 0.00E+00
352.0, 4.43E-19, 0.00E+00
352.13, 4.54E-19, 0.00E+00
352.25, 4.52E-19, 0.00E+00
352.38, 4.43E-19, 0.00E+00
352.5, 4.38E-19, 0.00E+00
352.63, 4.33E-19, 0.00E+00
352.75, 4.21E-19, 0.00E+00
352.88, 4.06E-19, 0.00E+00
353.0, 3.99E-19, 0.00E+00
353.13, 4.01E-19, 0.00E+00
353.25, 4.02E-19, 0.00E+00
353.38, 4.20E-19, 0.00E+00
353.5, 4.38E-19, 0.00E+00
353.63, 4.54E-19, 0.00E+00
353.75, 4.65E-19, 0.00E+00
353.88, 4.86E-19, 0.00E+00
354.0, 5.04E-19, 0.00E+00
354.13, 5.32E-19, 0.00E+00
354.25, 5.58E-19, 0.00E+00
354.38, 5.68E-19, 0.00E+00
354.5, 5.40E-19, 0.00E+00
354.63, 5.42E-19, 0.00E+00
354.75, 5.39E-19, 0.00E+00
354.88, 5.26E-19, 0.00E+00
355.0, 5.13E-19, 0.00E+00
355.13, 4.99E-19, 0.00E+00
355.25, 4.87E-19, 0.00E+00
355.38, 4.75E-19, 0.00E+00
355.5, 4.68E-19, 0.00E+00
355.63, 4.62E-19, 0.00E+00
355.75, 4.59E-19, 0.00E+00
355.88, 4.55E-19, 0.00E+00
356.0, 4.61E-19, 0.00E+00
356.13, 4.63E-19, 0.00E+00
356.25, 4.67E-19, 0.00E+00
356.38, 4.83E-19, 0.00E+00
356.5, 4.77E-19, 0.00E+00
356.63, 5.09E-19, 0.00E+00
356.75, 5.17E-19, 0.00E+00
356.88, 5.45E-19, 0.00E+00
357.0, 5.58E-19, 0.00E+00
357.13, 5.64E-19, 0.00E+00
357.25, 5.63E-19, 0.00E+00
357.38, 5.54E-19, 0.00E+00
357.5, 5.57E-19, 0.00E+00
357.63, 5.31E-19, 0.00E+00
357.75, 5.19E-19, 0.00E+00
357.88, 5.14E-19, 0.00E+00
358.0, 5.04E-19, 0.00E+00
358.13, 5.15E-19, 0.00E+00
358.25, 4.95E-19, 0.00E+00
358.38, 4.97E-19, 0.00E+00
358.5, 4.86E-19, 0.00E+00
358.63, 4.76E-19, 0.00E+00
358.75, 4.76E-19, 0.00E+00
358.88, 4.55E-19, 0.00E+00
359.0, 4.55E-19, 0.00E+00
359.13, 4.48E-19, 0.00E+00
359.25, 4.56E-19, 0.00E+00
359.38, 4.52E-19, 0.00E+00
359.5, 4.64E-19, 0.00E+00
359.63, 4.61E-19, 0.00E+00
359.75, 4.65E-19, 0.00E+00
359.88, 4.47E-19, 0.00E+00
360.0, 4.51E-19, 0.00E+00
360.13, 4.67E-19, 0.00E+00
360.25, 4.72E-19, 0.00E+00
360.38, 4.89E-19, 0.00E+00
360.5, 5.04E-19, 0.00E+00
360.63, 5.12E-19, 0.00E+00
360.75, 5.23E-19, 0.00E+00
360.88, 5.31E-19, 0.00E+00
361.0, 5.39E-19, 0.00E+00
361.13, 5.35E-19, 0.00E+00
361.25, 5.11E-19, 0.00E+00
361.38, 5.13E-19, 0.00E+00
361.5, 5.11E-19, 0.00E+00
361.63, 5.10E-19, 0.00E+00
361.75, 5.01E-19, 0.00E+00
361.88, 4.95E-19, 0.00E+00
362.0, 5.04E-19, 0.00E+00
362.13, 5.02E-19, 0.00E+00
362.25, 5.09E-19, 0.00E+00
362.38, 5.16E-19, 0.00E+00
362.5, 5.09E-19, 0.00E+00
362.63, 5.10E-19, 0.00E+00
362.75, 4.99E-19, 0.00E+00
362.88, 5.15E-19, 0.00E+00
363.0, 5.12E-19, 0.00E+00
363.13, 4.98E-19, 0.00E+00
363.25, 5.02E-19, 0.00E+00
363.38, 5.05E-19, 0.00E+00
363.5, 4.92E-19, 0.00E+00
363.63, 4.93E-19, 0.00E+00
363.75, 4.76E-19, 0.00E+00
363.88, 4.78E-19, 0.00E+00
364.0, 4.87E-19, 0.00E+00
364.13, 5.05E-19, 0.00E+00
364.25, 5.24E-19, 0.00E+00
364.38, 5.36E-19, 0.00E+00
364.5, 5.42E-19, 0.00E+00
364.63, 5.50E-19, 0.00E+00
364.75, 5.56E-19, 0.00E+00
364.88, 5.64E-19, 0.00E+00
365.0, 5.78E-19, 0.00E+00
365.13, 5.86E-19, 0.00E+00
365.25, 6.01E-19, 0.00E+00
365.38, 5.94E-19, 0.00E+00
365.5, 5.96E-19, 0.00E+00
365.63, 5.84E-19, 0.00E+00
365.75, 5.78E-19, 0.00E+00
365.88, 5.53E-19, 0.00E+00
366.0, 5.40E-19, 0.00E+00
366.13, 5.18E-19, 0.00E+00
366.25, 5.05E-19, 0.00E+00
366.38, 4.97E-19, 0.00E+00
366.5, 4.90E-19, 0.00E+00
366.63, 4.87E-19, 0.00E+00
366.75, 4.85E-19, 0.00E+00
366.88, 5.14E-19, 0.00E+00
367.0, 5.19E-19, 0.00E+00
367.13, 5.43E-19, 0.00E+00
367.25, 5.58E-19, 0.00E+00
367.38, 5.54E-19, 0.00E+00
367.5, 5.46E-19, 0.00E+00
367.63, 5.38E-19, 0.00E+00
367.75, 5.53E-19, 0.00E+00
367.88, 5.45E-19, 0.00E+00
368.0, 5.34E-19, 0.00E+00
368.13, 5.38E-19, 0.00E+00
368.25, 5.36E-19, 0.00E+00
368.38, 5.27E-19, 0.00E+00
368.5, 5.28E-19, 0.00E+00
368.63, 5.16E-19, 0.00E+00
368.75, 5.14E-19, 0.00E+00
368.88, 5.24E-19, 0.00E+00
369.0, 5.19E-19, 0.00E+00
369.13, 5.31E-19, 0.00E+00
369.25, 5.36E-19, 0.00E+00
369.38, 5.35E-19, 0.00E+00
369.5, 5.22E-19, 0.00E+00
369.63, 5.18E-19, 0.00E+00
369.75, 5.23E-19, 0.00E+00
369.88, 5.32E-19, 0.00E+00
370.0, 5.42E-19, 0.00E+00
370.13, 5.34E-19, 0.00E+00
370.25, 5.28E-19, 0.00E+00
370.38, 5.23E-19, 0.00E+00
370.5, 5.19E-19, 0.00E+00
370.63, 5.09E-19, 0.00E+00
370.75, 4.90E-19, 0.00E+00
370.88, 4.97E-19, 0.00E+00
371.0, 5.21E-19, 0.00E+00
371.13, 5.21E-19, 0.00E+00
371.25, 5.21E-19, 0.00E+00
371.38, 5.45E-19, 0.00E+00
371.5, 5.52E-19, 0.00E+00
371.63, 5.73E-19, 0.00E+00
371.75, 5.87E-19, 0.00E+00
371.88, 5.95E-19, 0.00E+00
372.0, 5.98E-19, 0.00E+00
372.13, 6.06E-19, 0.00E+00
372.25, 5.97E-19, 0.00E+00
372.38, 6.05E-19, 0.00E+00
372.5, 5.97E-19, 0.00E+00
372.63, 5.87E-19, 0.00E+00
372.75, 5.70E-19, 0.00E+00
372.88, 5.56E-19, 0.00E+00
373.0, 5.50E-19, 0.00E+00
373.13, 5.46E-19, 0.00E+00
373.25, 5.34E-19, 0.00E+00
373.38, 5.34E-19, 0.00E+00
373.5, 5.23E-19, 0.00E+00
373.63, 5.41E-19, 0.00E+00
373.75, 5.42E-19, 0.00E+00
373.88, 5.46E-19, 0.00E+00
374.0, 5.36E-19, 0.00E+00
374.13, 5.38E-19, 0.00E+00
374.25, 5.19E-19, 0.00E+00
374.38, 5.15E-19, 0.00E+00
374.5, 5.09E-19, 0.00E+00
374.63, 5.08E-19, 0.00E+00
374.75, 5.14E-19, 0.00E+00
374.88, 5.25E-19, 0.00E+00
375.0, 5.35E-19, 0.00E+00
375.13, 5.54E-19, 0.00E+00
375.25, 5.70E-19, 0.00E+00
375.38, 5.87E-19, 0.00E+00
375.5, 5.90E-19, 0.00E+00
375.63, 5.90E-19, 0.00E+00
375.75, 5.95E-19, 0.00E+00
375.88, 5.95E-19, 0.00E+00
376.0, 6.23E-19, 0.00E+00
376.13, 6.51E-19, 0.00E+00
376.25, 6.53E-19, 0.00E+00
376.38, 6.45E-19, 0.00E+00
376.5, 6.29E-19, 0.00E+00
376.63, 6.19E-19, 0.00E+00
376.75, 6.08E-19, 0.00E+00
376.88, 5.68E-19, 0.00E+00
377.0, 5.67E-19, 0.00E+00
377.13, 5.46E-19, 0.00E+00
377.25, 5.29E-19, 0.00E+00
377.38, 5.20E-19, 0.00E+00
377.5, 5.24E-19, 0.00E+00
377.63, 5.23E-19, 0.00E+00
377.75, 5.24E-19, 0.00E+00
377.88, 5.28E-19, 0.00E+00
378.0, 5.18E-19, 0.00E+00
378.13, 5.07E-19, 0.00E+00
378.25, 5.12E-19, 0.00E+00
378.38, 5.17E-19, 0.00E+00
378.5, 5.22E-19, 0.00E+00
378.63, 5.29E-19, 0.00E+00
378.75, 5.22E-19, 0.00E+00
378.88, 5.36E-19, 0.00E+00
379.0, 5.47E-19, 0.00E+00
379.13, 5.56E-19, 0.00E+00
379.25, 5.70E-19, 0.00E+00
379.38, 5.89E-19, 0.00E+00
379.5, 6.15E-19, 0.00E+00
379.63, 6.32E-19, 0.00E+00
379.75, 6.29E-19, 0.00E+00
379.88, 6.26E-19, 0.00E+00
380.0, 5.98E-19, 0.00E+00
380.13, 6.05E-19, 0.00E+00
380.25, 5.95E-19, 0.00E+00
380.38, 5.94E-19, 0.00E+00
380.5, 5.86E-19, 0.00E+00
380.63, 5.94E-19, 0.00E+00
380.75, 5.72E-19, 0.00E+00
380.88, 5.63E-19, 0.00E+00
381.0, 5.66E-19, 0.00E+00
381.13, 5.74E-19, 0.00E+00
381.25, 5.72E-19, 0.00E+00
381.38, 5.59E-19, 0.00E+00
381.5, 5.52E-19, 0.00E+00
381.63, 5.54E-19, 0.00E+00
381.75, 5.61E-19, 0.00E+00
381.88, 5.62E-19, 0.00E+00
382.0, 5.64E-19, 0.00E+00
382.13, 5.77E-19, 0.00E+00
382.25, 5.48E-19, 0.00E+00
382.38, 5.14E-19, 0.00E+00
382.5, 5.27E-19, 0.00E+00
382.63, 5.29E-19, 0.00E+00
382.75, 5.32E-19, 0.00E+00
382.88, 5.47E-19, 0.00E+00
383.0, 5.37E-19, 0.00E+00
383.13, 5.35E-19, 0.00E+00
383.25, 5.52E-19, 0.00E+00
383.38, 5.44E-19, 0.00E+00
383.5, 5.42E-19, 0.00E+00
383.63, 5.68E-19, 0.00E+00
383.75, 5.85E-19, 0.00E+00
383.88, 5.66E-19, 0.00E+00
384.0, 5.97E-19, 0.00E+00
384.13, 5.64E-19, 0.00E+00
384.25, 5.87E-19, 0.00E+00
384.38, 5.91E-19, 0.00E+00
384.5, 5.94E-19, 0.00E+00
384.63, 6.06E-19, 0.00E+00
384.75, 6.40E-19, 0.00E+00
384.88, 6.17E-19, 0.00E+00
385.0, 5.94E-19, 0.00E+00
385.13, 5.68E-19, 0.00E+00
385.25, 5.84E-19, 0.00E+00
385.38, 5.94E-19, 0.00E+00
385.5, 5.80E-19, 0.00E+00
385.63, 6.28E-19, 0.00E+00
385.75, 6.10E-19, 0.00E+00
385.88, 5.72E-19, 0.00E+00
386.0, 5.51E-19, 0.00E+00
386.13, 5.57E-19, 0.00E+00
386.25, 5.59E-19, 0.00E+00
386.38, 5.37E-19, 0.00E+00
386.5, 5.32E-19, 0.00E+00
386.63, 5.45E-19, 0.00E+00
386.75, 5.62E-19, 0.00E+00
386.88, 5.64E-19, 0.00E+00
387.0, 5.60E-19, 0.00E+00
387.13, 5.95E-19, 0.00E+00
387.25, 5.80E-19, 0.00E+00
387.38, 6.04E-19, 0.00E+00
387.5, 5.91E-19, 0.00E+00
387.63, 5.98E-19, 0.00E+00
387.75, 5.92E-19, 0.00E+00
387.88, 6.04E-19, 0.00E+00
388.0, 5.97E-19, 0.00E+00
388.13, 5.76E-19, 0.00E+00
388.25, 5.80E-19, 0.00E+00
388.38, 5.69E-19, 0.00E+00
388.5, 5.69E-19, 0.00E+00
388.63, 5.67E-19, 0.00E+00
388.75, 5.78E-19, 0.00E+00
388.88, 5.99E-19, 0.00E+00
389.0, 6.02E-19, 0.00E+00
389.13, 6.28E-19, 0.00E+00
389.25, 6.04E-19, 0.00E+00
389.38, 6.07E-19, 0.00E+00
389.5, 6.04E-19, 0.00E+00
389.63, 5.90E-19, 0.00E+00
389.75, 5.74E-19, 0.00E+00
389.88, 6.02E-19, 0.00E+00
390.0, 6.00E-19, 0.00E+00
390.13, 6.06E-19, 0.00E+00
390.25, 6.20E-19, 0.00E+00
390.38, 6.05E-19, 0.00E+00
390.5, 5.97E-19, 0.00E+00
390.63, 5.87E-19, 0.00E+00
390.75, 5.93E-19, 0.00E+00
390.88, 5.74E-19, 0.00E+00
391.0, 5.83E-19, 0.00E+00
391.13, 5.93E-19, 0.00E+00
391.25, 6.02E-19, 0.00E+00
391.38, 5.83E-19, 0.00E+00
391.5, 6.22E-19, 0.00E+00
391.63, 6.58E-19, 0.00E+00
391.75, 6.88E-19, 0.00E+00
391.88, 6.39E-19, 0.00E+00
392.0, 6.05E-19, 0.00E+00
392.13, 6.00E-19, 0.00E+00
392.25, 6.14E-19, 0.00E+00
392.38, 5.99E-19, 0.00E+00
392.5, 6.20E-19, 0.00E+00
392.63, 6.04E-19, 0.00E+00
392.75, 6.00E-19, 0.00E+00
392.88, 5.82E-19, 0.00E+00
393.0, 5.45E-19, 0.00E+00
393.13, 5.38E-19, 0.00E+00
393.25, 5.20E-19, 0.00E+00
393.38, 5.42E-19, 0.00E+00
393.5, 5.49E-19, 0.00E+00
393.63, 5.60E-19, 0.00E+00
393.75, 5.41E-19, 0.00E+00
393.88, 5.50E-19, 0.00E+00
394.0, 5.54E-19, 0.00E+00
394.13, 5.41E-19, 0.00E+00
394.25, 5.31E-19, 0.00E+00
394.38, 5.32E-19, 0.00E+00
394.5, 5.23E-19, 0.00E+00
394.63, 5.18E-19, 0.00E+00
394.75, 5.58E-19, 0.00E+00
394.88, 5.81E-19, 0.00E+00
395.0, 5.89E-19, 0.00E+00
395.13, 5.89E-19, 0.00E+00
395.25, 6.06E-19, 0.00E+00
395.38, 6.50E-19, 0.00E+00
395.5, 6.21E-19, 0.00E+00
395.63, 6.40E-19, 0.00E+00
395.75, 6.41E-19, 0.00E+00
395.88, 6.35E-19, 0.00E+00
396.0, 6.15E-19, 0.00E+00
396.13, 5.92E-19, 0.00E+00
396.25, 5.97E-19, 0.00E+00
396.38, 5.62E-19, 0.00E+00
396.5, 5.59E-19, 0.00E+00
396.63, 5.54E-19, 0.00E+00
396.75, 5.41E-19, 0.00E+00
396.88, 5.41E-19, 0.00E+00
397.0, 5.66E-19, 0.00E+00
397.13, 5.31E-19, 0.00E+00
397.25, 5.37E-19, 0.00E+00
397.38, 5.23E-19, 0.00E+00
397.5, 5.53E-19, 0.00E+00
397.63, 5.94E-19, 0.00E+00
397.75, 6.19E-19, 0.00E+00