# wavelength (nm), cross section(cm^2)
5.260000e+01, 3.039000e-17
5.270000e+01, 3.052462e-17
5.280000e+01, 3.065923e-17
5.290000e+01, 3.079385e-17
5.300000e+01, 3.092846e-17
5.310000e+01, 3.106308e-17
5.320000e+01, 3.119769e-17
5.330000e+01, 3.133231e-17
5.340000e+01, 3.146692e-17
5.350000e+01, 3.160154e-17
5.360000e+01, 3.173615e-17
5.370000e+01, 3.187077e-17
5.380000e+01, 3.200538e-17
5.390000e+01, 3.214000e-17
5.400000e+01, 3.205375e-17
5.410000e+01, 3.196750e-17
5.420000e+01, 3.188125e-17
5.430000e+01, 3.179500e-17
5.440000e+01, 3.170875e-17
5.450000e+01, 3.162250e-17
5.460000e+01, 3.153625e-17
5.470000e+01, 3.145000e-17
5.480000e+01, 3.136375e-17
5.490000e+01, 3.127750e-17
5.500000e+01, 3.119125e-17
5.510000e+01, 3.110500e-17
5.520000e+01, 3.101875e-17
5.530000e+01, 3.093250e-17
5.540000e+01, 3.084625e-17
5.550000e+01, 3.076000e-17
5.560000e+01, 3.081038e-17
5.570000e+01, 3.086077e-17
5.580000e+01, 3.091115e-17
5.590000e+01, 3.096154e-17
5.600000e+01, 3.101192e-17
5.610000e+01, 3.106231e-17
5.620000e+01, 3.111269e-17
5.630000e+01, 3.116308e-17
5.640000e+01, 3.121346e-17
5.650000e+01, 3.126385e-17
5.660000e+01, 3.131423e-17
5.670000e+01, 3.136462e-17
5.680000e+01, 3.141500e-17
5.690000e+01, 3.146538e-17
5.700000e+01, 3.151577e-17
5.710000e+01, 3.156615e-17
5.720000e+01, 3.161654e-17
5.730000e+01, 3.166692e-17
5.740000e+01, 3.171731e-17
5.750000e+01, 3.176769e-17
5.760000e+01, 3.181808e-17
5.770000e+01, 3.186846e-17
5.780000e+01, 3.191885e-17
5.790000e+01, 3.196923e-17
5.800000e+01, 3.201962e-17
5.810000e+01, 3.207000e-17
5.820000e+01, 3.224000e-17
5.830000e+01, 3.241000e-17
5.840000e+01, 3.258000e-17
5.850000e+01, 3.275000e-17
5.860000e+01, 3.292000e-17
5.870000e+01, 3.309000e-17
5.880000e+01, 3.326000e-17
5.890000e+01, 3.343000e-17
5.900000e+01, 3.360000e-17
5.910000e+01, 3.377000e-17
5.920000e+01, 3.394000e-17
5.930000e+01, 3.411000e-17
5.940000e+01, 3.428000e-17
5.950000e+01, 3.445000e-17
5.960000e+01, 3.462000e-17
5.970000e+01, 3.479000e-17
5.980000e+01, 3.496000e-17
5.990000e+01, 3.513000e-17
6.000000e+01, 3.530000e-17
6.010000e+01, 3.528563e-17
6.020000e+01, 3.527126e-17
6.030000e+01, 3.525689e-17
6.040000e+01, 3.524252e-17
6.050000e+01, 3.522816e-17
6.060000e+01, 3.521379e-17
6.070000e+01, 3.519942e-17
6.080000e+01, 3.518505e-17
6.090000e+01, 3.517068e-17
6.100000e+01, 3.515631e-17
6.110000e+01, 3.515331e-17
6.120000e+01, 3.515031e-17
6.130000e+01, 3.514731e-17
6.140000e+01, 3.514432e-17
6.150000e+01, 3.514132e-17
6.160000e+01, 3.506781e-17
6.170000e+01, 3.499431e-17
6.180000e+01, 3.492081e-17
6.190000e+01, 3.484731e-17
6.200000e+01, 3.477380e-17
6.210000e+01, 3.479891e-17
6.220000e+01, 3.482402e-17
6.230000e+01, 3.484912e-17
6.240000e+01, 3.487423e-17
6.250000e+01, 3.489933e-17
6.260000e+01, 3.492280e-17
6.270000e+01, 3.494626e-17
6.280000e+01, 3.496972e-17
6.290000e+01, 3.499318e-17
6.300000e+01, 3.501664e-17
6.310000e+01, 3.500604e-17
6.320000e+01, 3.499543e-17
6.330000e+01, 3.498483e-17
6.340000e+01, 3.497422e-17
6.350000e+01, 3.496362e-17
6.360000e+01, 3.492991e-17
6.370000e+01, 3.489619e-17
6.380000e+01, 3.486248e-17
6.390000e+01, 3.482876e-17
6.400000e+01, 3.479505e-17
6.410000e+01, 3.485819e-17
6.420000e+01, 3.492134e-17
6.430000e+01, 3.498449e-17
6.440000e+01, 3.504763e-17
6.450000e+01, 3.511078e-17
6.460000e+01, 3.507996e-17
6.470000e+01, 3.504914e-17
6.480000e+01, 3.501832e-17
6.490000e+01, 3.498749e-17
6.500000e+01, 3.495667e-17
6.510000e+01, 3.502755e-17
6.520000e+01, 3.509843e-17
6.530000e+01, 3.516930e-17
6.540000e+01, 3.524018e-17
6.550000e+01, 3.531106e-17
6.560000e+01, 3.541012e-17
6.570000e+01, 3.550918e-17
6.580000e+01, 3.560824e-17
6.590000e+01, 3.570730e-17
6.600000e+01, 3.580636e-17
6.610000e+01, 3.573371e-17
6.620000e+01, 3.566105e-17
6.630000e+01, 3.558840e-17
6.640000e+01, 3.551575e-17
6.650000e+01, 3.544309e-17
6.660000e+01, 3.548875e-17
6.670000e+01, 3.553440e-17
6.680000e+01, 3.558005e-17
6.690000e+01, 3.562570e-17
6.700000e+01, 3.567135e-17
6.710000e+01, 3.560456e-17
6.720000e+01, 3.553777e-17
6.730000e+01, 3.547098e-17
6.740000e+01, 3.540418e-17
6.750000e+01, 3.533739e-17
6.760000e+01, 3.538514e-17
6.770000e+01, 3.543289e-17
6.780000e+01, 3.548064e-17
6.790000e+01, 3.552839e-17
6.800000e+01, 3.557614e-17
6.810000e+01, 3.552229e-17
6.820000e+01, 3.546845e-17
6.830000e+01, 3.541460e-17
6.840000e+01, 3.536075e-17
6.850000e+01, 3.530690e-17
6.860000e+01, 3.526991e-17
6.870000e+01, 3.523292e-17
6.880000e+01, 3.519593e-17
6.890000e+01, 3.515894e-17
6.900000e+01, 3.512195e-17
6.910000e+01, 3.500755e-17
6.920000e+01, 3.489315e-17
6.930000e+01, 3.477875e-17
6.940000e+01, 3.466435e-17
6.950000e+01, 3.454995e-17
6.960000e+01, 3.451999e-17
6.970000e+01, 3.449002e-17
6.980000e+01, 3.446006e-17
6.990000e+01, 3.443010e-17
7.000000e+01, 3.440014e-17
7.010000e+01, 3.432358e-17
7.020000e+01, 3.424701e-17
7.030000e+01, 3.417045e-17
7.040000e+01, 3.409388e-17
7.050000e+01, 3.401732e-17
7.060000e+01, 3.393215e-17
7.070000e+01, 3.384698e-17
7.080000e+01, 3.376180e-17
7.090000e+01, 3.367663e-17
7.100000e+01, 3.359146e-17
7.110000e+01, 3.346731e-17
7.120000e+01, 3.334316e-17
7.130000e+01, 3.321901e-17
7.140000e+01, 3.309486e-17
7.150000e+01, 3.297071e-17
7.160000e+01, 3.293424e-17
7.170000e+01, 3.289778e-17
7.180000e+01, 3.286131e-17
7.190000e+01, 3.282484e-17
7.200000e+01, 3.278837e-17
7.210000e+01, 3.275378e-17
7.220000e+01, 3.271919e-17
7.230000e+01, 3.268459e-17
7.240000e+01, 3.265000e-17
7.250000e+01, 3.261541e-17
7.260000e+01, 3.263367e-17
7.270000e+01, 3.265194e-17
7.280000e+01, 3.267020e-17
7.290000e+01, 3.268847e-17
7.300000e+01, 3.270673e-17
7.310000e+01, 3.275427e-17
7.320000e+01, 3.280180e-17
7.330000e+01, 3.284934e-17
7.340000e+01, 3.289688e-17
7.350000e+01, 3.294441e-17
7.360000e+01, 3.290766e-17
7.370000e+01, 3.287091e-17
7.380000e+01, 3.283415e-17
7.390000e+01, 3.279740e-17
7.400000e+01, 3.276065e-17
7.410000e+01, 3.268990e-17
7.420000e+01, 3.261915e-17
7.430000e+01, 3.254839e-17
7.440000e+01, 3.247764e-17
7.450000e+01, 3.240689e-17
7.460000e+01, 3.256837e-17
7.470000e+01, 3.272985e-17
7.480000e+01, 3.289134e-17
7.490000e+01, 3.305282e-17
7.500000e+01, 3.321430e-17
7.510000e+01, 3.330339e-17
7.520000e+01, 3.339247e-17
7.530000e+01, 3.348156e-17
7.540000e+01, 3.357065e-17
7.550000e+01, 3.365974e-17
7.560000e+01, 3.361230e-17
7.570000e+01, 3.356487e-17
7.580000e+01, 3.351743e-17
7.590000e+01, 3.347000e-17
7.600000e+01, 3.342257e-17
7.610000e+01, 3.336663e-17
7.620000e+01, 3.331070e-17
7.630000e+01, 3.325477e-17
7.640000e+01, 3.319884e-17
7.650000e+01, 3.314291e-17
7.660000e+01, 3.303307e-17
7.670000e+01, 3.292323e-17
7.680000e+01, 3.281339e-17
7.690000e+01, 3.270355e-17
7.700000e+01, 3.259372e-17
7.710000e+01, 3.255582e-17
7.720000e+01, 3.251793e-17
7.730000e+01, 3.248003e-17
7.740000e+01, 3.244214e-17
7.750000e+01, 3.240425e-17
7.760000e+01, 3.226158e-17
7.770000e+01, 3.211892e-17
7.780000e+01, 3.197626e-17
7.790000e+01, 3.183360e-17
7.800000e+01, 3.169094e-17
7.810000e+01, 3.157443e-17
7.820000e+01, 3.145793e-17
7.830000e+01, 3.134142e-17
7.840000e+01, 3.122492e-17
7.850000e+01, 3.110841e-17
7.860000e+01, 3.095503e-17
7.870000e+01, 3.080165e-17
7.880000e+01, 3.064826e-17
7.890000e+01, 3.049488e-17
7.900000e+01, 3.034150e-17
7.910000e+01, 3.007132e-17
7.920000e+01, 2.980114e-17
7.930000e+01, 2.953096e-17
7.940000e+01, 2.926079e-17
7.950000e+01, 2.899061e-17
7.960000e+01, 2.881134e-17
7.970000e+01, 2.863207e-17
7.980000e+01, 2.845281e-17
7.990000e+01, 2.827354e-17
8.000000e+01, 2.809427e-17
8.010000e+01, 2.785135e-17
8.020000e+01, 2.760843e-17
8.030000e+01, 2.736550e-17
8.040000e+01, 2.712258e-17
8.050000e+01, 2.687966e-17
8.060000e+01, 2.661883e-17
8.070000e+01, 2.635800e-17
8.080000e+01, 2.609717e-17
8.090000e+01, 2.583634e-17
8.100000e+01, 2.557552e-17
8.110000e+01, 2.532149e-17
8.120000e+01, 2.506746e-17
8.130000e+01, 2.481343e-17
8.140000e+01, 2.455940e-17
8.150000e+01, 2.430537e-17
8.160000e+01, 2.444996e-17
8.170000e+01, 2.459456e-17
8.180000e+01, 2.473915e-17
8.190000e+01, 2.488374e-17
8.200000e+01, 2.502834e-17
8.210000e+01, 2.493123e-17
8.220000e+01, 2.483413e-17
8.230000e+01, 2.473702e-17
8.240000e+01, 2.463992e-17
8.250000e+01, 2.454281e-17
8.260000e+01, 2.443388e-17
8.270000e+01, 2.432494e-17
8.280000e+01, 2.421600e-17
8.290000e+01, 2.410707e-17
8.300000e+01, 2.399813e-17
8.310000e+01, 2.387473e-17
8.320000e+01, 2.375134e-17
8.330000e+01, 2.362794e-17
8.340000e+01, 2.350454e-17
8.350000e+01, 2.338114e-17
8.360000e+01, 2.325562e-17
8.370000e+01, 2.313011e-17
8.380000e+01, 2.300459e-17
8.390000e+01, 2.287908e-17
8.400000e+01, 2.275356e-17
8.410000e+01, 2.263239e-17
8.420000e+01, 2.251121e-17
8.430000e+01, 2.239004e-17
8.440000e+01, 2.226887e-17
8.450000e+01, 2.214769e-17
8.460000e+01, 2.201711e-17
8.470000e+01, 2.188652e-17
8.480000e+01, 2.175594e-17
8.490000e+01, 2.162536e-17
8.500000e+01, 2.149477e-17
8.510000e+01, 2.133824e-17
8.520000e+01, 2.118171e-17
8.530000e+01, 2.102518e-17
8.540000e+01, 2.086865e-17
8.550000e+01, 2.071212e-17
8.560000e+01, 2.044777e-17
8.570000e+01, 2.018342e-17
8.580000e+01, 1.991907e-17
8.590000e+01, 1.965472e-17
8.600000e+01, 1.939037e-17
8.610000e+01, 1.919801e-17
8.620000e+01, 1.900565e-17
8.630000e+01, 1.881329e-17
8.640000e+01, 1.862093e-17
8.650000e+01, 1.842857e-17
8.660000e+01, 1.838509e-17
8.670000e+01, 1.834160e-17
8.680000e+01, 1.829812e-17
8.690000e+01, 1.825463e-17
8.700000e+01, 1.821115e-17
8.710000e+01, 1.816350e-17
8.720000e+01, 1.811585e-17
8.730000e+01, 1.806821e-17
8.740000e+01, 1.802056e-17
8.750000e+01, 1.797292e-17
8.760000e+01, 1.773606e-17
8.770000e+01, 1.749919e-17
8.780000e+01, 1.726233e-17
8.790000e+01, 1.702547e-17
8.800000e+01, 1.678861e-17
8.810000e+01, 1.658698e-17
8.820000e+01, 1.638535e-17
8.830000e+01, 1.618372e-17
8.840000e+01, 1.598209e-17
8.850000e+01, 1.578047e-17
8.860000e+01, 1.545718e-17
8.870000e+01, 1.513390e-17
8.880000e+01, 1.481061e-17
8.890000e+01, 1.448732e-17
8.900000e+01, 1.416404e-17
8.910000e+01, 1.404882e-17
8.920000e+01, 1.393361e-17
8.930000e+01, 1.381839e-17
8.940000e+01, 1.370318e-17
8.950000e+01, 1.358796e-17
8.960000e+01, 1.350593e-17
8.970000e+01, 1.342390e-17
8.980000e+01, 1.334186e-17
8.990000e+01, 1.325983e-17
9.000000e+01, 1.317780e-17
9.010000e+01, 1.306664e-17
9.020000e+01, 1.295547e-17
9.030000e+01, 1.284431e-17
9.040000e+01, 1.273315e-17
9.050000e+01, 1.262199e-17
9.060000e+01, 1.257734e-17
9.070000e+01, 1.253270e-17
9.080000e+01, 1.248805e-17
9.090000e+01, 1.244341e-17
9.100000e+01, 1.239876e-17
9.110000e+01, 1.237014e-17
9.120000e+01, 1.234152e-17
9.130000e+01, 1.231289e-17
9.140000e+01, 1.228427e-17
9.150000e+01, 1.225565e-17
9.160000e+01, 1.220707e-17
9.170000e+01, 1.215850e-17
9.180000e+01, 1.210992e-17
9.190000e+01, 1.206135e-17
9.200000e+01, 1.201277e-17
9.210000e+01, 1.195868e-17
9.220000e+01, 1.190459e-17
9.230000e+01, 1.185050e-17
9.240000e+01, 1.179640e-17
9.250000e+01, 1.174231e-17
9.260000e+01, 1.163853e-17
9.270000e+01, 1.153475e-17
9.280000e+01, 1.143097e-17
9.290000e+01, 1.132719e-17
9.300000e+01, 1.122340e-17
9.310000e+01, 1.115950e-17
9.320000e+01, 1.109559e-17
9.330000e+01, 1.103168e-17
9.340000e+01, 1.096778e-17
9.350000e+01, 1.090387e-17
9.360000e+01, 1.096253e-17
9.370000e+01, 1.102119e-17
9.380000e+01, 1.107985e-17
9.390000e+01, 1.113851e-17
9.400000e+01, 1.119717e-17
9.410000e+01, 1.125583e-17
9.420000e+01, 1.131449e-17
9.430000e+01, 1.137315e-17
9.440000e+01, 1.143181e-17
9.450000e+01, 1.149047e-17
9.460000e+01, 1.143531e-17
9.470000e+01, 1.138016e-17
9.480000e+01, 1.132500e-17
9.490000e+01, 1.126984e-17
9.500000e+01, 1.121469e-17
9.510000e+01, 1.115953e-17
9.520000e+01, 1.110437e-17
9.530000e+01, 1.104922e-17
9.540000e+01, 1.099406e-17
9.550000e+01, 1.093891e-17
9.560000e+01, 1.088375e-17
9.570000e+01, 1.082859e-17
9.580000e+01, 1.077344e-17
9.590000e+01, 1.071828e-17
9.600000e+01, 1.066312e-17
9.610000e+01, 1.060797e-17
9.620000e+01, 1.055281e-17
9.630000e+01, 1.049766e-17
9.640000e+01, 1.044250e-17
9.650000e+01, 1.038734e-17
9.660000e+01, 1.033219e-17
9.670000e+01, 1.027703e-17
9.680000e+01, 1.022187e-17
9.690000e+01, 1.016672e-17
9.700000e+01, 1.011156e-17
9.710000e+01, 1.005641e-17
9.720000e+01, 1.000125e-17
9.730000e+01, 9.946094e-18
9.740000e+01, 9.890937e-18
9.750000e+01, 9.835781e-18
9.760000e+01, 9.780625e-18
9.770000e+01, 9.725469e-18
9.780000e+01, 9.670312e-18
9.790000e+01, 9.615156e-18
9.800000e+01, 9.560000e-18
9.810000e+01, 9.403800e-18
9.820000e+01, 9.247600e-18
9.830000e+01, 9.091400e-18
9.840000e+01, 8.935200e-18
9.850000e+01, 8.779000e-18
9.860000e+01, 8.622800e-18
9.870000e+01, 8.466600e-18
9.880000e+01, 8.310400e-18
9.890000e+01, 8.154200e-18
9.900000e+01, 7.998000e-18
9.910000e+01, 8.243600e-18
9.920000e+01, 8.489200e-18
9.930000e+01, 8.734800e-18
9.940000e+01, 8.980400e-18
9.950000e+01, 9.226000e-18
9.960000e+01, 9.226000e-18
9.970000e+01, 9.226000e-18
9.980000e+01, 9.226000e-18
9.990000e+01, 9.226000e-18
1.000000e+02, 9.226000e-18
1.001000e+02, 9.226000e-18
1.002000e+02, 9.226000e-18
1.003000e+02, 9.226000e-18
1.004000e+02, 9.226000e-18
1.005000e+02, 9.226000e-18
1.006000e+02, 9.226000e-18
1.007000e+02, 9.226000e-18
1.008000e+02, 9.226000e-18
1.009000e+02, 9.226000e-18
1.010000e+02, 9.226000e-18
1.011000e+02, 9.226000e-18
1.012000e+02, 9.226000e-18
1.013000e+02, 9.226000e-18
1.014000e+02, 9.226000e-18
1.015000e+02, 9.226000e-18
1.016000e+02, 9.226000e-18
1.017000e+02, 9.226000e-18
1.018000e+02, 9.226000e-18
1.019000e+02, 9.226000e-18
1.020000e+02, 9.226000e-18
1.021000e+02, 9.226000e-18
1.022000e+02, 9.226000e-18
1.023000e+02, 9.226000e-18
1.024000e+02, 9.226000e-18
1.025000e+02, 9.226000e-18
1.026000e+02, 9.226000e-18
1.027000e+02, 9.226000e-18
1.028000e+02, 9.226000e-18
1.029000e+02, 9.226000e-18
1.030000e+02, 9.226000e-18
1.031000e+02, 9.226000e-18
1.032000e+02, 9.226000e-18
1.033000e+02, 9.226000e-18
1.034000e+02, 9.226000e-18
1.035000e+02, 9.226000e-18
1.036000e+02, 9.226000e-18
1.037000e+02, 9.226000e-18
1.038000e+02, 9.226000e-18
1.039000e+02, 9.226000e-18
1.040000e+02, 9.226000e-18
1.041000e+02, 9.226000e-18
1.042000e+02, 9.226000e-18
1.043000e+02, 9.226000e-18
1.044000e+02, 9.226000e-18
1.045000e+02, 9.226000e-18
1.046000e+02, 9.226000e-18
1.047000e+02, 9.226000e-18
1.048000e+02, 9.226000e-18
1.049000e+02, 9.226000e-18
1.050000e+02, 9.226000e-18
1.051000e+02, 9.226000e-18
1.052000e+02, 9.226000e-18
1.053000e+02, 9.226000e-18
1.054000e+02, 9.226000e-18
1.055000e+02, 9.226000e-18
1.056000e+02, 9.226000e-18
1.057000e+02, 9.226000e-18
1.058000e+02, 9.226000e-18
1.059000e+02, 9.226000e-18
1.060000e+02, 9.226000e-18
1.061000e+02, 9.226000e-18
1.062000e+02, 9.226000e-18
1.063000e+02, 9.226000e-18
1.064000e+02, 9.226000e-18
1.065000e+02, 9.226000e-18
1.066000e+02, 9.226000e-18
1.067000e+02, 9.226000e-18
1.068000e+02, 9.226000e-18
1.069000e+02, 9.226000e-18
1.070000e+02, 9.226000e-18
1.071000e+02, 9.226000e-18
1.072000e+02, 9.226000e-18
1.073000e+02, 9.226000e-18
1.074000e+02, 9.226000e-18
1.075000e+02, 9.226000e-18
1.076000e+02, 9.226000e-18
1.077000e+02, 9.226000e-18
1.078000e+02, 9.226000e-18
1.079000e+02, 9.226000e-18
1.080000e+02, 9.226000e-18
1.081000e+02, 9.226000e-18
1.082000e+02, 9.226000e-18
1.083000e+02, 9.226000e-18
1.084000e+02, 9.226000e-18
1.085000e+02, 9.226000e-18
1.086000e+02, 9.250308e-18
1.087000e+02, 9.274615e-18
1.088000e+02, 9.298923e-18
1.089000e+02, 9.323231e-18
1.090000e+02, 9.347538e-18
1.091000e+02, 9.371846e-18
1.092000e+02, 9.396154e-18
1.093000e+02, 9.420462e-18
1.094000e+02, 9.444769e-18
1.095000e+02, 9.469077e-18
1.096000e+02, 9.493385e-18
1.097000e+02, 9.517692e-18
1.098000e+02, 9.542000e-18
1.099000e+02, 9.566308e-18
1.100000e+02, 9.590615e-18
1.101000e+02, 9.614923e-18
1.102000e+02, 9.639231e-18
1.103000e+02, 9.663538e-18
1.104000e+02, 9.687846e-18
1.105000e+02, 1.014286e-17
1.106000e+02, 1.102857e-17
1.107000e+02, 1.191429e-17
1.108000e+02, 1.280000e-17
1.109000e+02, 1.240000e-17
1.110000e+02, 1.200000e-17
1.111000e+02, 1.160000e-17
1.112000e+02, 1.120000e-17
1.113000e+02, 1.196667e-17
1.114000e+02, 1.273333e-17
1.115000e+02, 1.350000e-17
1.116000e+02, 1.307778e-17
1.117000e+02, 1.265556e-17
1.118000e+02, 1.223333e-17
1.119000e+02, 1.181111e-17
1.120000e+02, 1.206000e-17
1.121000e+02, 1.298000e-17
1.122000e+02, 1.390000e-17
1.123000e+02, 1.332308e-17
1.124000e+02, 1.274615e-17
1.125000e+02, 1.240000e-17
1.126000e+02, 1.240000e-17
1.127000e+02, 1.240000e-17
1.128000e+02, 1.233077e-17
1.129000e+02, 1.225385e-17
1.130000e+02, 1.217692e-17
1.131000e+02, 1.210000e-17
1.132000e+02, 1.202308e-17
1.133000e+02, 1.169038e-17
1.134000e+02, 1.124808e-17
1.135000e+02, 1.080577e-17
1.136000e+02, 1.036346e-17
1.137000e+02, 9.921154e-18
1.138000e+02, 9.609524e-18
1.139000e+02, 9.428571e-18
1.140000e+02, 9.247619e-18
1.141000e+02, 9.066667e-18
1.142000e+02, 8.885714e-18
1.143000e+02, 8.704762e-18
1.144000e+02, 8.523810e-18
1.145000e+02, 8.342857e-18
1.146000e+02, 8.161905e-18
1.147000e+02, 7.980952e-18
1.148000e+02, 7.800000e-18
1.149000e+02, 7.215094e-18
1.150000e+02, 6.630189e-18
1.151000e+02, 6.045283e-18
1.152000e+02, 5.460377e-18
1.153000e+02, 4.875472e-18
1.154000e+02, 4.869697e-18
1.155000e+02, 5.112121e-18
1.156000e+02, 5.354545e-18
1.157000e+02, 5.500000e-18
1.158000e+02, 5.500000e-18
1.159000e+02, 5.500000e-18
1.160000e+02, 5.500000e-18
1.161000e+02, 5.500000e-18
1.162000e+02, 5.500000e-18
1.163000e+02, 6.113636e-18
1.164000e+02, 6.727273e-18
1.165000e+02, 7.340909e-18
1.166000e+02, 7.954545e-18
1.167000e+02, 8.200000e-18
1.168000e+02, 8.200000e-18
1.169000e+02, 8.200000e-18
1.170000e+02, 8.200000e-18
1.171000e+02, 8.200000e-18
1.172000e+02, 8.200000e-18
1.173000e+02, 8.200000e-18
1.174000e+02, 8.200000e-18
1.175000e+02, 8.200000e-18
1.176000e+02, 8.171429e-18
1.177000e+02, 8.135714e-18
1.178000e+02, 8.100000e-18
1.179000e+02, 8.064286e-18
1.180000e+02, 8.028571e-18
1.181000e+02, 8.073684e-18
1.182000e+02, 8.442105e-18
1.183000e+02, 8.810526e-18
1.184000e+02, 9.178947e-18
1.185000e+02, 9.547368e-18
1.186000e+02, 9.915789e-18
1.187000e+02, 1.013509e-17
1.188000e+02, 1.020526e-17
1.189000e+02, 1.027544e-17
1.190000e+02, 1.034561e-17
1.191000e+02, 1.041579e-17
1.192000e+02, 1.048596e-17
1.193000e+02, 1.136957e-17
1.194000e+02, 1.245652e-17
1.195000e+02, 1.354348e-17
1.196000e+02, 1.463043e-17
1.197000e+02, 1.546522e-17
1.198000e+02, 1.529130e-17
1.199000e+02, 1.511739e-17
1.200000e+02, 1.618000e-17
1.201000e+02, 1.738000e-17
1.202000e+02, 1.858000e-17
1.203000e+02, 1.978000e-17
1.204000e+02, 2.098000e-17
1.205000e+02, 2.218000e-17
1.206000e+02, 2.338000e-17
1.207000e+02, 2.321714e-17
1.208000e+02, 2.290286e-17
1.209000e+02, 2.258857e-17
1.210000e+02, 2.290847e-17
1.211000e+02, 2.417966e-17
1.212000e+02, 2.545085e-17
1.213000e+02, 2.672203e-17
1.214000e+02, 2.799322e-17
1.215000e+02, 2.926441e-17
1.216000e+02, 2.933056e-17
1.217000e+02, 2.819167e-17
1.218000e+02, 2.705278e-17
1.219000e+02, 2.591389e-17
1.220000e+02, 2.617500e-17
1.221000e+02, 2.659167e-17
1.222000e+02, 2.700833e-17
1.223000e+02, 2.742500e-17
1.224000e+02, 2.767568e-17
1.225000e+02, 2.643243e-17
1.226000e+02, 2.518919e-17
1.227000e+02, 2.394595e-17
1.228000e+02, 2.325000e-17
1.229000e+02, 2.337500e-17
1.230000e+02, 2.350000e-17
1.231000e+02, 2.225676e-17
1.232000e+02, 2.101351e-17
1.233000e+02, 1.977027e-17
1.234000e+02, 1.852131e-17
1.235000e+02, 1.725902e-17
1.236000e+02, 1.599672e-17
1.237000e+02, 1.473443e-17
1.238000e+02, 1.347213e-17
1.239000e+02, 1.220984e-17
1.240000e+02, 1.112063e-17
1.241000e+02, 1.072381e-17
1.242000e+02, 1.032698e-17
1.243000e+02, 9.930159e-18
1.244000e+02, 9.533333e-18
1.245000e+02, 9.136508e-18
1.246000e+02, 8.739683e-18
1.247000e+02, 8.342857e-18
1.248000e+02, 7.946032e-18
1.249000e+02, 7.549206e-18
1.250000e+02, 7.152381e-18
1.251000e+02, 6.755556e-18
1.252000e+02, 6.358730e-18
1.253000e+02, 6.135714e-18
1.254000e+02, 6.028571e-18
1.255000e+02, 5.921429e-18
1.256000e+02, 5.814286e-18
1.257000e+02, 5.707143e-18
1.258000e+02, 5.600000e-18
1.259000e+02, 5.492857e-18
1.260000e+02, 5.385714e-18
1.261000e+02, 5.278571e-18
1.262000e+02, 5.171429e-18
1.263000e+02, 5.064286e-18
1.264000e+02, 4.957143e-18
1.265000e+02, 4.850000e-18
1.266000e+02, 4.742857e-18
1.267000e+02, 4.720339e-18
1.268000e+02, 4.754237e-18
1.269000e+02, 4.788136e-18
1.270000e+02, 4.822034e-18
1.271000e+02, 4.855932e-18
1.272000e+02, 4.889831e-18
1.273000e+02, 4.923729e-18
1.274000e+02, 4.957627e-18
1.275000e+02, 4.991525e-18
1.276000e+02, 5.025424e-18
1.277000e+02, 5.059322e-18
1.278000e+02, 5.093220e-18
1.279000e+02, 5.194624e-18
1.280000e+02, 5.312903e-18
1.281000e+02, 5.431183e-18
1.282000e+02, 5.549462e-18
1.283000e+02, 5.667742e-18
1.284000e+02, 5.786022e-18
1.285000e+02, 5.904301e-18
1.286000e+02, 6.022581e-18
1.287000e+02, 6.140860e-18
1.288000e+02, 6.214925e-18
1.289000e+02, 6.244776e-18
1.290000e+02, 6.274627e-18
1.291000e+02, 6.304478e-18
1.292000e+02, 6.334328e-18
1.293000e+02, 6.364179e-18
1.294000e+02, 6.394030e-18
1.295000e+02, 6.965854e-18
1.296000e+02, 7.673171e-18
1.297000e+02, 8.380488e-18
1.298000e+02, 9.087805e-18
1.299000e+02, 9.664583e-18
1.300000e+02, 1.018542e-17
1.301000e+02, 1.070625e-17
1.302000e+02, 1.122708e-17
1.303000e+02, 1.174792e-17
1.304000e+02, 1.226875e-17
1.305000e+02, 1.278958e-17
1.306000e+02, 1.331042e-17
1.307000e+02, 1.383125e-17
1.308000e+02, 1.424878e-17
1.309000e+02, 1.373659e-17
1.310000e+02, 1.322439e-17
1.311000e+02, 1.271220e-17
1.312000e+02, 1.220000e-17
1.313000e+02, 1.244286e-17
1.314000e+02, 1.268571e-17
1.315000e+02, 1.292857e-17
1.316000e+02, 1.317143e-17
1.317000e+02, 1.341429e-17
1.318000e+02, 1.365714e-17
1.319000e+02, 1.390000e-17
1.320000e+02, 1.368571e-17
1.321000e+02, 1.347143e-17
1.322000e+02, 1.325714e-17
1.323000e+02, 1.304286e-17
1.324000e+02, 1.282857e-17
1.325000e+02, 1.261429e-17
1.326000e+02, 1.240000e-17
1.327000e+02, 1.280351e-17
1.328000e+02, 1.320702e-17
1.329000e+02, 1.361053e-17
1.330000e+02, 1.401404e-17
1.331000e+02, 1.441754e-17
1.332000e+02, 1.467209e-17
1.333000e+02, 1.457907e-17
1.334000e+02, 1.448605e-17
1.335000e+02, 1.439302e-17
1.336000e+02, 1.430000e-17
1.337000e+02, 1.473182e-17
1.338000e+02, 1.516364e-17
1.339000e+02, 1.559545e-17
1.340000e+02, 1.602727e-17
1.341000e+02, 1.601667e-17
1.342000e+02, 1.571111e-17
1.343000e+02, 1.540556e-17
1.344000e+02, 1.510000e-17
1.345000e+02, 1.528919e-17
1.346000e+02, 1.547838e-17
1.347000e+02, 1.566757e-17
1.348000e+02, 1.567671e-17
1.349000e+02, 1.526575e-17
1.350000e+02, 1.485479e-17
1.351000e+02, 1.444384e-17
1.352000e+02, 1.403288e-17
1.353000e+02, 1.362192e-17
1.354000e+02, 1.321096e-17
1.355000e+02, 1.280000e-17
1.356000e+02, 1.293333e-17
1.357000e+02, 1.306667e-17
1.358000e+02, 1.320000e-17
1.359000e+02, 1.279669e-17
1.360000e+02, 1.239337e-17
1.361000e+02, 1.199006e-17
1.362000e+02, 1.158674e-17
1.363000e+02, 1.118343e-17
1.364000e+02, 1.078011e-17
1.365000e+02, 1.037680e-17
1.366000e+02, 9.973481e-18
1.367000e+02, 9.570166e-18
1.368000e+02, 9.166851e-18
1.369000e+02, 8.763536e-18
1.370000e+02, 8.360221e-18
1.371000e+02, 7.956906e-18
1.372000e+02, 7.553591e-18
1.373000e+02, 7.150276e-18
1.374000e+02, 6.746961e-18
1.375000e+02, 6.343646e-18
1.376000e+02, 5.940331e-18
1.377000e+02, 5.825882e-18
1.378000e+02, 5.743529e-18
1.379000e+02, 5.661176e-18
1.380000e+02, 5.578824e-18
1.381000e+02, 5.496471e-18
1.382000e+02, 5.414118e-18
1.383000e+02, 5.331765e-18
1.384000e+02, 5.249412e-18
1.385000e+02, 5.167059e-18
1.386000e+02, 5.084706e-18
1.387000e+02, 5.002353e-18
1.388000e+02, 4.920000e-18
1.389000e+02, 4.837647e-18
1.390000e+02, 4.755294e-18
1.391000e+02, 4.672941e-18
1.392000e+02, 4.590588e-18
1.393000e+02, 4.508235e-18
1.394000e+02, 4.483271e-18
1.395000e+02, 4.464684e-18
1.396000e+02, 4.446097e-18
1.397000e+02, 4.427509e-18
1.398000e+02, 4.408922e-18
1.399000e+02, 4.390335e-18
1.400000e+02, 4.371747e-18
1.401000e+02, 4.353160e-18
1.402000e+02, 4.334572e-18
1.403000e+02, 4.315985e-18
1.404000e+02, 4.297398e-18
1.405000e+02, 4.278810e-18
1.406000e+02, 4.260223e-18
1.407000e+02, 4.241636e-18
1.408000e+02, 4.223048e-18
1.409000e+02, 4.204461e-18
1.410000e+02, 4.185874e-18
1.411000e+02, 4.167286e-18
1.412000e+02, 4.148699e-18
1.413000e+02, 4.130112e-18
1.414000e+02, 4.111524e-18
1.415000e+02, 4.092937e-18
1.416000e+02, 4.074349e-18
1.417000e+02, 4.055762e-18
1.418000e+02, 4.037175e-18
1.419000e+02, 4.018587e-18
1.420000e+02, 4.000000e-18
1.421000e+02, 3.980769e-18
1.422000e+02, 3.961538e-18
1.423000e+02, 3.942308e-18
1.424000e+02, 3.923077e-18
1.425000e+02, 3.903846e-18
1.426000e+02, 3.884615e-18
1.427000e+02, 3.865385e-18
1.428000e+02, 3.846154e-18
1.429000e+02, 3.826923e-18
1.430000e+02, 3.807692e-18
1.431000e+02, 3.788462e-18
1.432000e+02, 3.769231e-18
1.433000e+02, 3.750000e-18
1.434000e+02, 3.730769e-18
1.435000e+02, 3.711538e-18
1.436000e+02, 3.692308e-18
1.437000e+02, 3.673077e-18
1.438000e+02, 3.653846e-18
1.439000e+02, 3.634615e-18
1.440000e+02, 3.615385e-18
1.441000e+02, 3.596154e-18
1.442000e+02, 3.576923e-18
1.443000e+02, 3.557692e-18
1.444000e+02, 3.538462e-18
1.445000e+02, 3.519231e-18
1.446000e+02, 3.500000e-18
1.447000e+02, 3.480769e-18
1.448000e+02, 3.461538e-18
1.449000e+02, 3.442308e-18
1.450000e+02, 3.423077e-18
1.451000e+02, 3.403846e-18
1.452000e+02, 3.384615e-18
1.453000e+02, 3.365385e-18
1.454000e+02, 3.346154e-18
1.455000e+02, 3.326923e-18
1.456000e+02, 3.307692e-18
1.457000e+02, 3.288462e-18
1.458000e+02, 3.269231e-18
1.459000e+02, 3.250000e-18
1.460000e+02, 3.230769e-18
1.461000e+02, 3.211538e-18
1.462000e+02, 3.192308e-18
1.463000e+02, 3.173077e-18
1.464000e+02, 3.153846e-18
1.465000e+02, 3.134615e-18
1.466000e+02, 3.115385e-18
1.467000e+02, 3.096154e-18
1.468000e+02, 3.076923e-18
1.469000e+02, 3.057692e-18
1.470000e+02, 3.038462e-18
1.471000e+02, 3.019231e-18
1.472000e+02, 3.000000e-18
1.473000e+02, 2.980769e-18
1.474000e+02, 2.961538e-18
1.475000e+02, 2.942308e-18
1.476000e+02, 2.923077e-18
1.477000e+02, 2.903846e-18
1.478000e+02, 2.884615e-18
1.479000e+02, 2.865385e-18
1.480000e+02, 2.846154e-18
1.481000e+02, 2.826923e-18
1.482000e+02, 2.807692e-18
1.483000e+02, 2.788462e-18
1.484000e+02, 2.769231e-18
1.485000e+02, 2.750000e-18
1.486000e+02, 2.730769e-18
1.487000e+02, 2.711538e-18
1.488000e+02, 2.692308e-18
1.489000e+02, 2.673077e-18
1.490000e+02, 2.653846e-18
1.491000e+02, 2.634615e-18
1.492000e+02, 2.615385e-18
1.493000e+02, 2.596154e-18
1.494000e+02, 2.576923e-18
1.495000e+02, 2.557692e-18
1.496000e+02, 2.538462e-18
1.497000e+02, 2.519231e-18
1.498000e+02, 2.500000e-18
1.499000e+02, 2.480769e-18
1.500000e+02, 2.461538e-18
1.501000e+02, 2.442308e-18
1.502000e+02, 2.423077e-18
1.503000e+02, 2.403846e-18
1.504000e+02, 2.384615e-18
1.505000e+02, 2.365385e-18
1.506000e+02, 2.346154e-18
1.507000e+02, 2.326923e-18
1.508000e+02, 2.307692e-18
1.509000e+02, 2.288462e-18
1.510000e+02, 2.269231e-18
1.511000e+02, 2.250000e-18
1.512000e+02, 2.230769e-18
1.513000e+02, 2.211538e-18
1.514000e+02, 2.192308e-18
1.515000e+02, 2.173077e-18
1.516000e+02, 2.153846e-18
1.517000e+02, 2.134615e-18
1.518000e+02, 2.115385e-18
1.519000e+02, 2.096154e-18
1.520000e+02, 2.076923e-18
1.521000e+02, 2.057692e-18
1.522000e+02, 2.038462e-18
1.523000e+02, 2.019231e-18
1.524000e+02, 2.000000e-18
1.525000e+02, 1.980769e-18
1.526000e+02, 1.961538e-18
1.527000e+02, 1.942308e-18
1.528000e+02, 1.923077e-18
1.529000e+02, 1.903846e-18
1.530000e+02, 1.884615e-18
1.531000e+02, 1.865385e-18
1.532000e+02, 1.846154e-18
1.533000e+02, 1.826923e-18
1.534000e+02, 1.807692e-18
1.535000e+02, 1.788462e-18
1.536000e+02, 1.769231e-18
1.537000e+02, 1.750000e-18
1.538000e+02, 1.730769e-18
1.539000e+02, 1.711538e-18
1.540000e+02, 1.692308e-18
1.541000e+02, 1.673077e-18
1.542000e+02, 1.653846e-18
1.543000e+02, 1.634615e-18
1.544000e+02, 1.615385e-18
1.545000e+02, 1.596154e-18
1.546000e+02, 1.576923e-18
1.547000e+02, 1.557692e-18
1.548000e+02, 1.538462e-18
1.549000e+02, 1.519231e-18
1.550000e+02, 1.500000e-18
1.551000e+02, 1.497059e-18
1.552000e+02, 1.494118e-18
1.553000e+02, 1.491176e-18
1.554000e+02, 1.488235e-18
1.555000e+02, 1.485294e-18
1.556000e+02, 1.482353e-18
1.557000e+02, 1.479412e-18
1.558000e+02, 1.476471e-18
1.559000e+02, 1.473529e-18
1.560000e+02, 1.470588e-18
1.561000e+02, 1.467647e-18
1.562000e+02, 1.464706e-18
1.563000e+02, 1.461765e-18
1.564000e+02, 1.458824e-18
1.565000e+02, 1.455882e-18
1.566000e+02, 1.452941e-18
1.567000e+02, 1.450000e-18
1.568000e+02, 1.447059e-18
1.569000e+02, 1.444118e-18
1.570000e+02, 1.441176e-18
1.571000e+02, 1.438235e-18
1.572000e+02, 1.435294e-18
1.573000e+02, 1.432353e-18
1.574000e+02, 1.429412e-18
1.575000e+02, 1.426471e-18
1.576000e+02, 1.423529e-18
1.577000e+02, 1.420588e-18
1.578000e+02, 1.417647e-18
1.579000e+02, 1.414706e-18
1.580000e+02, 1.411765e-18
1.581000e+02, 1.408824e-18
1.582000e+02, 1.405882e-18
1.583000e+02, 1.402941e-18
1.584000e+02, 1.400000e-18
1.585000e+02, 1.397059e-18
1.586000e+02, 1.394118e-18
1.587000e+02, 1.391176e-18
1.588000e+02, 1.388235e-18
1.589000e+02, 1.385294e-18
1.590000e+02, 1.382353e-18
1.591000e+02, 1.379412e-18
1.592000e+02, 1.376471e-18
1.593000e+02, 1.373529e-18
1.594000e+02, 1.370588e-18
1.595000e+02, 1.367647e-18
1.596000e+02, 1.364706e-18
1.597000e+02, 1.361765e-18
1.598000e+02, 1.358824e-18
1.599000e+02, 1.355882e-18
1.600000e+02, 1.352941e-18
1.601000e+02, 1.350000e-18
1.602000e+02, 1.347059e-18
1.603000e+02, 1.344118e-18
1.604000e+02, 1.341176e-18
1.605000e+02, 1.338235e-18
1.606000e+02, 1.335294e-18
1.607000e+02, 1.332353e-18
1.608000e+02, 1.329412e-18
1.609000e+02, 1.326471e-18
1.610000e+02, 1.323529e-18
1.611000e+02, 1.320588e-18
1.612000e+02, 1.317647e-18
1.613000e+02, 1.314706e-18
1.614000e+02, 1.311765e-18
1.615000e+02, 1.308824e-18
1.616000e+02, 1.305882e-18
1.617000e+02, 1.302941e-18
1.618000e+02, 1.300000e-18
1.619000e+02, 1.297059e-18
1.620000e+02, 1.294118e-18
1.621000e+02, 1.291176e-18
1.622000e+02, 1.288235e-18
1.623000e+02, 1.285294e-18
1.624000e+02, 1.282353e-18
1.625000e+02, 1.279412e-18
1.626000e+02, 1.276471e-18
1.627000e+02, 1.273529e-18
1.628000e+02, 1.270588e-18
1.629000e+02, 1.267647e-18
1.630000e+02, 1.264706e-18
1.631000e+02, 1.261765e-18
1.632000e+02, 1.258824e-18
1.633000e+02, 1.255882e-18
1.634000e+02, 1.252941e-18
1.635000e+02, 1.250000e-18
1.636000e+02, 1.247059e-18
1.637000e+02, 1.244118e-18
1.638000e+02, 1.241176e-18
1.639000e+02, 1.238235e-18
1.640000e+02, 1.235294e-18
1.641000e+02, 1.232353e-18
1.642000e+02, 1.229412e-18
1.643000e+02, 1.226471e-18
1.644000e+02, 1.223529e-18
1.645000e+02, 1.220588e-18
1.646000e+02, 1.217647e-18
1.647000e+02, 1.214706e-18
1.648000e+02, 1.211765e-18
1.649000e+02, 1.208824e-18
1.650000e+02, 1.205882e-18
1.651000e+02, 1.202941e-18
1.652000e+02, 1.200000e-18
1.653000e+02, 1.197059e-18
1.654000e+02, 1.194118e-18
1.655000e+02, 1.191176e-18
1.656000e+02, 1.188235e-18
1.657000e+02, 1.185294e-18
1.658000e+02, 1.182353e-18
1.659000e+02, 1.179412e-18
1.660000e+02, 1.176471e-18
1.661000e+02, 1.173529e-18
1.662000e+02, 1.170588e-18
1.663000e+02, 1.167647e-18
1.664000e+02, 1.164706e-18
1.665000e+02, 1.161765e-18
1.666000e+02, 1.158824e-18
1.667000e+02, 1.155882e-18
1.668000e+02, 1.152941e-18
1.669000e+02, 1.150000e-18
1.670000e+02, 1.147059e-18
1.671000e+02, 1.144118e-18
1.672000e+02, 1.141176e-18
1.673000e+02, 1.138235e-18
1.674000e+02, 1.135294e-18
1.675000e+02, 1.132353e-18
1.676000e+02, 1.129412e-18
1.677000e+02, 1.126471e-18
1.678000e+02, 1.123529e-18
1.679000e+02, 1.120588e-18
1.680000e+02, 1.117647e-18
1.681000e+02, 1.114706e-18
1.682000e+02, 1.111765e-18
1.683000e+02, 1.108824e-18
1.684000e+02, 1.105882e-18
1.685000e+02, 1.102941e-18
1.686000e+02, 1.100000e-18
1.687000e+02, 1.097059e-18
1.688000e+02, 1.094118e-18
1.689000e+02, 1.091176e-18
1.690000e+02, 1.088235e-18
1.691000e+02, 1.085294e-18
1.692000e+02, 1.082353e-18
1.693000e+02, 1.079412e-18
1.694000e+02, 1.076471e-18
1.695000e+02, 1.073529e-18
1.696000e+02, 1.070588e-18
1.697000e+02, 1.067647e-18
1.698000e+02, 1.064706e-18
1.699000e+02, 1.061765e-18
1.700000e+02, 1.058824e-18
1.701000e+02, 1.055882e-18
1.702000e+02, 1.052941e-18
1.703000e+02, 1.050000e-18
1.704000e+02, 1.047059e-18
1.705000e+02, 1.044118e-18
1.706000e+02, 1.041176e-18
1.707000e+02, 1.038235e-18
1.708000e+02, 1.035294e-18
1.709000e+02, 1.032353e-18
1.710000e+02, 1.029412e-18
1.711000e+02, 1.026471e-18
1.712000e+02, 1.023529e-18
1.713000e+02, 1.020588e-18
1.714000e+02, 1.017647e-18
1.715000e+02, 1.014706e-18
1.716000e+02, 1.011765e-18
1.717000e+02, 1.008824e-18
1.718000e+02, 1.005882e-18
1.719000e+02, 1.002941e-18
1.720000e+02, 1.000000e-18
1.721000e+02, 9.875652e-19
1.722000e+02, 9.751304e-19
1.723000e+02, 9.626957e-19
1.724000e+02, 9.502609e-19
1.725000e+02, 9.378261e-19
1.726000e+02, 9.253913e-19
1.727000e+02, 9.129565e-19
1.728000e+02, 9.005217e-19
1.729000e+02, 8.880870e-19
1.730000e+02, 8.756522e-19
1.731000e+02, 8.632174e-19
1.732000e+02, 8.564333e-19
1.733000e+02, 8.553000e-19
1.734000e+02, 8.541667e-19
1.735000e+02, 8.530333e-19
1.736000e+02, 8.519000e-19
1.737000e+02, 8.507667e-19
1.738000e+02, 8.496333e-19
1.739000e+02, 8.485000e-19
1.740000e+02, 8.473667e-19
1.741000e+02, 8.462333e-19
1.742000e+02, 8.451000e-19
1.743000e+02, 8.439667e-19
1.744000e+02, 8.428333e-19
1.745000e+02, 8.417000e-19
1.746000e+02, 8.405667e-19
1.747000e+02, 8.390645e-19
1.748000e+02, 8.371935e-19
1.749000e+02, 8.353226e-19
1.750000e+02, 8.334516e-19
1.751000e+02, 8.315806e-19
1.752000e+02, 8.297097e-19
1.753000e+02, 8.278387e-19
1.754000e+02, 8.259677e-19
1.755000e+02, 8.240968e-19
1.756000e+02, 8.222258e-19
1.757000e+02, 8.203548e-19
1.758000e+02, 8.184839e-19
1.759000e+02, 8.166129e-19
1.760000e+02, 8.147419e-19
1.761000e+02, 8.128710e-19
1.762000e+02, 8.110000e-19
1.763000e+02, 8.102500e-19
1.764000e+02, 8.095000e-19
1.765000e+02, 8.087500e-19
1.766000e+02, 8.080000e-19
1.767000e+02, 8.072500e-19
1.768000e+02, 8.065000e-19
1.769000e+02, 8.057500e-19
1.770000e+02, 8.050000e-19
1.771000e+02, 8.042500e-19
1.772000e+02, 8.035000e-19
1.773000e+02, 8.027500e-19
1.774000e+02, 8.020000e-19
1.775000e+02, 8.012500e-19
1.776000e+02, 8.005000e-19
1.777000e+02, 7.997500e-19
1.778000e+02, 7.990000e-19
1.779000e+02, 7.981875e-19
1.780000e+02, 7.973750e-19
1.781000e+02, 7.965625e-19
1.782000e+02, 7.957500e-19
1.783000e+02, 7.949375e-19
1.784000e+02, 7.941250e-19
1.785000e+02, 7.933125e-19
1.786000e+02, 7.925000e-19
1.787000e+02, 7.916875e-19
1.788000e+02, 7.908750e-19
1.789000e+02, 7.900625e-19
1.790000e+02, 7.892500e-19
1.791000e+02, 7.884375e-19
1.792000e+02, 7.876250e-19
1.793000e+02, 7.868125e-19
1.794000e+02, 7.860000e-19
1.795000e+02, 7.845625e-19
1.796000e+02, 7.831250e-19
1.797000e+02, 7.816875e-19
1.798000e+02, 7.802500e-19
1.799000e+02, 7.788125e-19
1.800000e+02, 7.773750e-19
1.801000e+02, 7.759375e-19
1.802000e+02, 7.745000e-19
1.803000e+02, 7.730625e-19
1.804000e+02, 7.716250e-19
1.805000e+02, 7.701875e-19
1.806000e+02, 7.687500e-19
1.807000e+02, 7.673125e-19
1.808000e+02, 7.658750e-19
1.809000e+02, 7.644375e-19
1.810000e+02, 7.630000e-19
1.811000e+02, 7.609394e-19
1.812000e+02, 7.588788e-19
1.813000e+02, 7.568182e-19
1.814000e+02, 7.547576e-19
1.815000e+02, 7.526970e-19
1.816000e+02, 7.506364e-19
1.817000e+02, 7.485758e-19
1.818000e+02, 7.465152e-19
1.819000e+02, 7.444545e-19
1.820000e+02, 7.423939e-19
1.821000e+02, 7.403333e-19
1.822000e+02, 7.382727e-19
1.823000e+02, 7.362121e-19
1.824000e+02, 7.341515e-19
1.825000e+02, 7.320909e-19
1.826000e+02, 7.300303e-19
1.827000e+02, 7.277941e-19
1.828000e+02, 7.253824e-19
1.829000e+02, 7.229706e-19
1.830000e+02, 7.205588e-19
1.831000e+02, 7.181471e-19
1.832000e+02, 7.157353e-19
1.833000e+02, 7.133235e-19
1.834000e+02, 7.109118e-19
1.835000e+02, 7.085000e-19
1.836000e+02, 7.060882e-19
1.837000e+02, 7.036765e-19
1.838000e+02, 7.012647e-19
1.839000e+02, 6.988529e-19
1.840000e+02, 6.964412e-19
1.841000e+02, 6.940294e-19
1.842000e+02, 6.916176e-19
1.843000e+02, 6.892059e-19
1.844000e+02, 6.865882e-19
1.845000e+02, 6.837647e-19
1.846000e+02, 6.809412e-19
1.847000e+02, 6.781176e-19
1.848000e+02, 6.752941e-19
1.849000e+02, 6.724706e-19
1.850000e+02, 6.696471e-19
1.851000e+02, 6.668235e-19
1.852000e+02, 6.640000e-19
1.853000e+02, 6.611765e-19
1.854000e+02, 6.583529e-19
1.855000e+02, 6.555294e-19
1.856000e+02, 6.527059e-19
1.857000e+02, 6.498824e-19
1.858000e+02, 6.470588e-19
1.859000e+02, 6.442353e-19
1.860000e+02, 6.414118e-19
1.861000e+02, 6.385143e-19
1.862000e+02, 6.355429e-19
1.863000e+02, 6.325714e-19
1.864000e+02, 6.296000e-19
1.865000e+02, 6.266286e-19
1.866000e+02, 6.236571e-19
1.867000e+02, 6.206857e-19
1.868000e+02, 6.177143e-19
1.869000e+02, 6.147429e-19
1.870000e+02, 6.117714e-19
1.871000e+02, 6.088000e-19
1.872000e+02, 6.058286e-19
1.873000e+02, 6.028571e-19
1.874000e+02, 5.998857e-19
1.875000e+02, 5.969143e-19
1.876000e+02, 5.939429e-19
1.877000e+02, 5.909714e-19
1.878000e+02, 5.880000e-19
1.879000e+02, 5.848333e-19
1.880000e+02, 5.816667e-19
1.881000e+02, 5.785000e-19
1.882000e+02, 5.753333e-19
1.883000e+02, 5.721667e-19
1.884000e+02, 5.690000e-19
1.885000e+02, 5.658333e-19
1.886000e+02, 5.626667e-19
1.887000e+02, 5.595000e-19
1.888000e+02, 5.563333e-19
1.889000e+02, 5.531667e-19
1.890000e+02, 5.500000e-19
1.891000e+02, 5.468333e-19
1.892000e+02, 5.436667e-19
1.893000e+02, 5.405000e-19
1.894000e+02, 5.373333e-19
1.895000e+02, 5.341667e-19
1.896000e+02, 5.310000e-19
1.897000e+02, 5.281667e-19
1.898000e+02, 5.253333e-19
1.899000e+02, 5.225000e-19
1.900000e+02, 5.196667e-19
1.901000e+02, 5.168333e-19
1.902000e+02, 5.140000e-19
1.903000e+02, 5.111667e-19
1.904000e+02, 5.083333e-19
1.905000e+02, 5.055000e-19
1.906000e+02, 5.026667e-19
1.907000e+02, 4.998333e-19
1.908000e+02, 4.970000e-19
1.909000e+02, 4.941667e-19
1.910000e+02, 4.913333e-19
1.911000e+02, 4.885000e-19
1.912000e+02, 4.856667e-19
1.913000e+02, 4.828333e-19
1.914000e+02, 4.800000e-19
1.915000e+02, 4.777297e-19
1.916000e+02, 4.754595e-19
1.917000e+02, 4.731892e-19
1.918000e+02, 4.709189e-19
1.919000e+02, 4.686486e-19
1.920000e+02, 4.663784e-19
1.921000e+02, 4.641081e-19
1.922000e+02, 4.618378e-19
1.923000e+02, 4.595676e-19
1.924000e+02, 4.572973e-19
1.925000e+02, 4.550270e-19
1.926000e+02, 4.527568e-19
1.927000e+02, 4.504865e-19
1.928000e+02, 4.482162e-19
1.929000e+02, 4.459459e-19
1.930000e+02, 4.436757e-19
1.931000e+02, 4.414054e-19
1.932000e+02, 4.391351e-19
1.933000e+02, 4.372895e-19
1.934000e+02, 4.358684e-19
1.935000e+02, 4.344474e-19
1.936000e+02, 4.330263e-19
1.937000e+02, 4.316053e-19
1.938000e+02, 4.301842e-19
1.939000e+02, 4.287632e-19
1.940000e+02, 4.273421e-19
1.941000e+02, 4.259211e-19
1.942000e+02, 4.245000e-19
1.943000e+02, 4.230789e-19
1.944000e+02, 4.216579e-19
1.945000e+02, 4.202368e-19
1.946000e+02, 4.188158e-19
1.947000e+02, 4.173947e-19
1.948000e+02, 4.159737e-19
1.949000e+02, 4.145526e-19
1.950000e+02, 4.131316e-19
1.951000e+02, 4.117105e-19
1.952000e+02, 4.098947e-19
1.953000e+02, 4.076842e-19
1.954000e+02, 4.054737e-19
1.955000e+02, 4.032632e-19
1.956000e+02, 4.010526e-19
1.957000e+02, 3.988421e-19
1.958000e+02, 3.966316e-19
1.959000e+02, 3.944211e-19
1.960000e+02, 3.922105e-19
1.961000e+02, 3.900000e-19
1.962000e+02, 3.877895e-19
1.963000e+02, 3.855789e-19
1.964000e+02, 3.833684e-19
1.965000e+02, 3.811579e-19
1.966000e+02, 3.789474e-19
1.967000e+02, 3.767368e-19
1.968000e+02, 3.745263e-19
1.969000e+02, 3.723158e-19
1.970000e+02, 3.701053e-19
1.971000e+02, 3.680000e-19
1.972000e+02, 3.660000e-19
1.973000e+02, 3.640000e-19
1.974000e+02, 3.620000e-19
1.975000e+02, 3.600000e-19
1.976000e+02, 3.580000e-19
1.977000e+02, 3.560000e-19
1.978000e+02, 3.540000e-19
1.979000e+02, 3.520000e-19
1.980000e+02, 3.500000e-19
1.981000e+02, 3.480000e-19
1.982000e+02, 3.460000e-19
1.983000e+02, 3.440000e-19
1.984000e+02, 3.420000e-19
1.985000e+02, 3.400000e-19
1.986000e+02, 3.380000e-19
1.987000e+02, 3.360000e-19
1.988000e+02, 3.340000e-19
1.989000e+02, 3.320000e-19
1.990000e+02, 3.300000e-19
1.991000e+02, 3.298000e-19
1.992000e+02, 3.296000e-19
1.993000e+02, 3.294000e-19
1.994000e+02, 3.292000e-19
1.995000e+02, 3.290000e-19
1.996000e+02, 3.288000e-19
1.997000e+02, 3.286000e-19
1.998000e+02, 3.284000e-19
1.999000e+02, 3.282000e-19
2.000000e+02, 3.280000e-19
2.001000e+02, 3.278000e-19
2.002000e+02, 3.276000e-19
2.003000e+02, 3.274000e-19
2.004000e+02, 3.272000e-19
2.005000e+02, 3.270000e-19
2.006000e+02, 3.268000e-19
2.007000e+02, 3.266000e-19
2.008000e+02, 3.264000e-19
2.009000e+02, 3.262000e-19
2.010000e+02, 3.260000e-19
2.011000e+02, 3.260000e-19
2.012000e+02, 3.260000e-19
2.013000e+02, 3.260000e-19
2.014000e+02, 3.260000e-19
2.015000e+02, 3.260000e-19
2.016000e+02, 3.260000e-19
2.017000e+02, 3.260000e-19
2.018000e+02, 3.260000e-19
2.019000e+02, 3.260000e-19
2.020000e+02, 3.260000e-19
2.021000e+02, 3.260000e-19
2.022000e+02, 3.260000e-19
2.023000e+02, 3.260000e-19
2.024000e+02, 3.260000e-19
2.025000e+02, 3.260000e-19
2.026000e+02, 3.260000e-19
2.027000e+02, 3.260000e-19
2.028000e+02, 3.260000e-19
2.029000e+02, 3.260000e-19
2.030000e+02, 3.260000e-19
2.031000e+02, 3.265952e-19
2.032000e+02, 3.277857e-19
2.033000e+02, 3.289762e-19
2.034000e+02, 3.301667e-19
2.035000e+02, 3.313571e-19
2.036000e+02, 3.325476e-19
2.037000e+02, 3.337381e-19
2.038000e+02, 3.349286e-19
2.039000e+02, 3.361190e-19
2.040000e+02, 3.373095e-19
2.041000e+02, 3.385000e-19
2.042000e+02, 3.396905e-19
2.043000e+02, 3.408810e-19
2.044000e+02, 3.420714e-19
2.045000e+02, 3.432619e-19
2.046000e+02, 3.444524e-19
2.047000e+02, 3.456429e-19
2.048000e+02, 3.468333e-19
2.049000e+02, 3.480238e-19
2.050000e+02, 3.492143e-19
2.051000e+02, 3.504048e-19
2.052000e+02, 3.524286e-19
2.053000e+02, 3.552857e-19
2.054000e+02, 3.581429e-19
2.055000e+02, 3.610000e-19
2.056000e+02, 3.638571e-19
2.057000e+02, 3.667143e-19
2.058000e+02, 3.695714e-19
2.059000e+02, 3.724286e-19
2.060000e+02, 3.752857e-19
2.061000e+02, 3.781429e-19
2.062000e+02, 3.810000e-19
2.063000e+02, 3.838571e-19
2.064000e+02, 3.867143e-19
2.065000e+02, 3.895714e-19
2.066000e+02, 3.924286e-19
2.067000e+02, 3.952857e-19
2.068000e+02, 3.981429e-19
2.069000e+02, 4.010000e-19
2.070000e+02, 4.038571e-19
2.071000e+02, 4.067143e-19
2.072000e+02, 4.095714e-19
2.073000e+02, 4.126667e-19
2.074000e+02, 4.160000e-19
2.075000e+02, 4.193333e-19
2.076000e+02, 4.226667e-19
2.077000e+02, 4.260000e-19
2.078000e+02, 4.293333e-19
2.079000e+02, 4.326667e-19
2.080000e+02, 4.360000e-19
2.081000e+02, 4.393333e-19
2.082000e+02, 4.426667e-19
2.083000e+02, 4.460000e-19
2.084000e+02, 4.493333e-19
2.085000e+02, 4.526667e-19
2.086000e+02, 4.560000e-19
2.087000e+02, 4.593333e-19
2.088000e+02, 4.626667e-19
2.089000e+02, 4.660000e-19
2.090000e+02, 4.693333e-19
2.091000e+02, 4.726667e-19
2.092000e+02, 4.760000e-19
2.093000e+02, 4.793333e-19
2.094000e+02, 4.826667e-19
2.095000e+02, 4.878552e-19
2.096000e+02, 4.942805e-19
2.097000e+02, 5.007059e-19
2.098000e+02, 5.071312e-19
2.099000e+02, 5.135566e-19
2.100000e+02, 5.199819e-19
2.101000e+02, 5.264072e-19
2.102000e+02, 5.328326e-19
2.103000e+02, 5.392579e-19
2.104000e+02, 5.456833e-19
2.105000e+02, 5.521086e-19
2.106000e+02, 5.585339e-19
2.107000e+02, 5.649593e-19
2.108000e+02, 5.713846e-19
2.109000e+02, 5.778100e-19
2.110000e+02, 5.842353e-19
2.111000e+02, 5.906606e-19
2.112000e+02, 5.970860e-19
2.113000e+02, 6.035113e-19
2.114000e+02, 6.099367e-19
2.115000e+02, 6.163620e-19
2.116000e+02, 6.227873e-19
2.117000e+02, 6.328499e-19
2.118000e+02, 6.465497e-19
2.119000e+02, 6.602496e-19
2.120000e+02, 6.739494e-19
2.121000e+02, 6.876492e-19
2.122000e+02, 7.013491e-19
2.123000e+02, 7.150489e-19
2.124000e+02, 7.287487e-19
2.125000e+02, 7.424485e-19
2.126000e+02, 7.561484e-19
2.127000e+02, 7.698482e-19
2.128000e+02, 7.835480e-19
2.129000e+02, 7.972478e-19
2.130000e+02, 8.109477e-19
2.131000e+02, 8.246475e-19
2.132000e+02, 8.383473e-19
2.133000e+02, 6.994944e-19
2.134000e+02, 8.548785e-19
2.135000e+02, 8.525233e-19
2.136000e+02, 8.652394e-19
2.137000e+02, 8.772478e-19
2.138000e+02, 8.848451e-19
2.139000e+02, 8.909835e-19
2.140000e+02, 8.972677e-19
2.141000e+02, 9.037830e-19
2.142000e+02, 9.128686e-19
2.143000e+02, 9.257095e-19
2.144000e+02, 9.386509e-19
2.145000e+02, 9.503499e-19
2.146000e+02, 9.653385e-19
2.147000e+02, 9.828690e-19
2.148000e+02, 9.952329e-19
2.149000e+02, 1.002674e-18
2.150000e+02, 1.012660e-18
2.151000e+02, 1.025212e-18
2.152000e+02, 1.037389e-18
2.153000e+02, 1.052908e-18
2.154000e+02, 1.071831e-18
2.155000e+02, 1.086297e-18
2.156000e+02, 1.094531e-18
2.157000e+02, 1.102456e-18
2.158000e+02, 1.112813e-18
2.159000e+02, 1.125608e-18
2.160000e+02, 1.140946e-18
2.161000e+02, 1.155561e-18
2.162000e+02, 1.166586e-18
2.163000e+02, 1.176933e-18
2.164000e+02, 1.190029e-18
2.165000e+02, 1.205694e-18
2.166000e+02, 1.222544e-18
2.167000e+02, 1.238063e-18
2.168000e+02, 1.250416e-18
2.169000e+02, 1.263000e-18
2.170000e+02, 1.280459e-18
2.171000e+02, 1.301954e-18
2.172000e+02, 1.323640e-18
2.173000e+02, 1.342607e-18
2.174000e+02, 1.357459e-18
2.175000e+02, 1.370822e-18
2.176000e+02, 1.386855e-18
2.177000e+02, 1.402994e-18
2.178000e+02, 1.413738e-18
2.179000e+02, 1.422367e-18
2.180000e+02, 1.436535e-18
2.181000e+02, 1.455556e-18
2.182000e+02, 1.473642e-18
2.183000e+02, 1.490086e-18
2.184000e+02, 1.507284e-18
2.185000e+02, 1.524314e-18
2.186000e+02, 1.538000e-18
2.187000e+02, 1.547847e-18
2.188000e+02, 1.558275e-18
2.189000e+02, 1.574769e-18
2.190000e+02, 1.597725e-18
2.191000e+02, 1.623803e-18
2.192000e+02, 1.650784e-18
2.193000e+02, 1.675573e-18
2.194000e+02, 1.694607e-18
2.195000e+02, 1.710893e-18
2.196000e+02, 1.729533e-18
2.197000e+02, 1.746857e-18
2.198000e+02, 1.758328e-18
2.199000e+02, 1.770399e-18
2.200000e+02, 1.789704e-18
2.201000e+02, 1.811584e-18
2.202000e+02, 1.830440e-18
2.203000e+02, 1.848596e-18
2.204000e+02, 1.869233e-18
2.205000e+02, 1.891814e-18
2.206000e+02, 1.915365e-18
2.207000e+02, 1.938992e-18
2.208000e+02, 1.961029e-18
2.209000e+02, 1.980578e-18
2.210000e+02, 1.997987e-18
2.211000e+02, 2.014579e-18
2.212000e+02, 2.032781e-18
2.213000e+02, 2.054053e-18
2.214000e+02, 2.076946e-18
2.215000e+02, 2.099641e-18
2.216000e+02, 2.123189e-18
2.217000e+02, 2.149528e-18
2.218000e+02, 2.176985e-18
2.219000e+02, 2.200771e-18
2.220000e+02, 2.218876e-18
2.221000e+02, 2.235257e-18
2.222000e+02, 2.255383e-18
2.223000e+02, 2.279481e-18
2.224000e+02, 2.302664e-18
2.225000e+02, 2.322833e-18
2.226000e+02, 2.344790e-18
2.227000e+02, 2.372531e-18
2.228000e+02, 2.401699e-18
2.229000e+02, 2.425311e-18
2.230000e+02, 2.442851e-18
2.231000e+02, 2.459548e-18
2.232000e+02, 2.480969e-18
2.233000e+02, 2.508958e-18
2.234000e+02, 2.539011e-18
2.235000e+02, 2.564863e-18
2.236000e+02, 2.587786e-18
2.237000e+02, 2.614474e-18
2.238000e+02, 2.645533e-18
2.239000e+02, 2.674725e-18
2.240000e+02, 2.699031e-18
2.241000e+02, 2.722184e-18
2.242000e+02, 2.748902e-18
2.243000e+02, 2.779541e-18
2.244000e+02, 2.809984e-18
2.245000e+02, 2.836371e-18
2.246000e+02, 2.859607e-18
2.247000e+02, 2.882964e-18
2.248000e+02, 2.906624e-18
2.249000e+02, 2.928964e-18
2.250000e+02, 2.951169e-18
2.251000e+02, 2.975440e-18
2.252000e+02, 3.001367e-18
2.253000e+02, 3.028421e-18
2.254000e+02, 3.057504e-18
2.255000e+02, 3.086877e-18
2.256000e+02, 3.113189e-18
2.257000e+02, 3.138340e-18
2.258000e+02, 3.167724e-18
2.259000e+02, 3.201743e-18
2.260000e+02, 3.236130e-18
2.261000e+02, 3.268594e-18
2.262000e+02, 3.299868e-18
2.263000e+02, 3.331301e-18
2.264000e+02, 3.363703e-18
2.265000e+02, 3.395584e-18
2.266000e+02, 3.423762e-18
2.267000e+02, 3.448529e-18
2.268000e+02, 3.474613e-18
2.269000e+02, 3.504394e-18
2.270000e+02, 3.534670e-18
2.271000e+02, 3.562510e-18
2.272000e+02, 3.589790e-18
2.273000e+02, 3.619707e-18
2.274000e+02, 3.652757e-18
2.275000e+02, 3.687363e-18
2.276000e+02, 3.721161e-18
2.277000e+02, 3.752324e-18
2.278000e+02, 3.782091e-18
2.279000e+02, 3.813161e-18
2.280000e+02, 3.844875e-18
2.281000e+02, 3.874911e-18
2.282000e+02, 3.904518e-18
2.283000e+02, 3.936730e-18
2.284000e+02, 3.972197e-18
2.285000e+02, 4.010067e-18
2.286000e+02, 4.048713e-18
2.287000e+02, 4.085088e-18
2.288000e+02, 4.117794e-18
2.289000e+02, 4.149057e-18
2.290000e+02, 4.180716e-18
2.291000e+02, 4.212064e-18
2.292000e+02, 4.243355e-18
2.293000e+02, 4.276436e-18
2.294000e+02, 4.310157e-18
2.295000e+02, 4.340257e-18
2.296000e+02, 4.365679e-18
2.297000e+02, 4.390267e-18
2.298000e+02, 4.417713e-18
2.299000e+02, 4.449654e-18
2.300000e+02, 4.486246e-18
2.301000e+02, 4.524335e-18
2.302000e+02, 4.560950e-18
2.303000e+02, 4.599682e-18
2.304000e+02, 4.644483e-18
2.305000e+02, 4.691103e-18
2.306000e+02, 4.733940e-18
2.307000e+02, 4.772518e-18
2.308000e+02, 4.806549e-18
2.309000e+02, 4.836860e-18
2.310000e+02, 4.868812e-18
2.311000e+02, 4.903784e-18
2.312000e+02, 4.936553e-18
2.313000e+02, 4.966324e-18
2.314000e+02, 4.997248e-18
2.315000e+02, 5.029981e-18
2.316000e+02, 5.063989e-18
2.317000e+02, 5.100447e-18
2.318000e+02, 5.137627e-18
2.319000e+02, 5.173018e-18
2.320000e+02, 5.208992e-18
2.321000e+02, 5.249239e-18
2.322000e+02, 5.292849e-18
2.323000e+02, 5.334093e-18
2.324000e+02, 5.368380e-18
2.325000e+02, 5.401241e-18
2.326000e+02, 5.443627e-18
2.327000e+02, 5.493796e-18
2.328000e+02, 5.538777e-18
2.329000e+02, 5.575256e-18
2.330000e+02, 5.610334e-18
2.331000e+02, 5.646217e-18
2.332000e+02, 5.681226e-18
2.333000e+02, 5.715773e-18
2.334000e+02, 5.747496e-18
2.335000e+02, 5.773701e-18
2.336000e+02, 5.798782e-18
2.337000e+02, 5.827219e-18
2.338000e+02, 5.857667e-18
2.339000e+02, 5.890918e-18
2.340000e+02, 5.930730e-18
2.341000e+02, 5.976731e-18
2.342000e+02, 6.027695e-18
2.343000e+02, 6.083833e-18
2.344000e+02, 6.140008e-18
2.345000e+02, 6.189754e-18
2.346000e+02, 6.234324e-18
2.347000e+02, 6.274741e-18
2.348000e+02, 6.305790e-18
2.349000e+02, 6.328015e-18
2.350000e+02, 6.349306e-18
2.351000e+02, 6.371262e-18
2.352000e+02, 6.392191e-18
2.353000e+02, 6.418936e-18
2.354000e+02, 6.458486e-18
2.355000e+02, 6.506926e-18
2.356000e+02, 6.558223e-18
2.357000e+02, 6.612425e-18
2.358000e+02, 6.669159e-18
2.359000e+02, 6.723268e-18
2.360000e+02, 6.769892e-18
2.361000e+02, 6.808659e-18
2.362000e+02, 6.841192e-18
2.363000e+02, 6.865948e-18
2.364000e+02, 6.880640e-18
2.365000e+02, 6.892370e-18
2.366000e+02, 6.916101e-18
2.367000e+02, 6.957984e-18
2.368000e+02, 7.010324e-18
2.369000e+02, 7.064754e-18
2.370000e+02, 7.117755e-18
2.371000e+02, 7.164486e-18
2.372000e+02, 7.201932e-18
2.373000e+02, 7.236993e-18
2.374000e+02, 7.278411e-18
2.375000e+02, 7.322994e-18
2.376000e+02, 7.361946e-18
2.377000e+02, 7.396856e-18
2.378000e+02, 7.435874e-18
2.379000e+02, 7.478449e-18
2.380000e+02, 7.518500e-18
2.381000e+02, 7.556985e-18
2.382000e+02, 7.596562e-18
2.383000e+02, 7.631908e-18
2.384000e+02, 7.659138e-18
2.385000e+02, 7.683945e-18
2.386000e+02, 7.708640e-18
2.387000e+02, 7.725498e-18
2.388000e+02, 7.734695e-18
2.389000e+02, 7.753564e-18
2.390000e+02, 7.795595e-18
2.391000e+02, 7.852939e-18
2.392000e+02, 7.910446e-18
2.393000e+02, 7.965853e-18
2.394000e+02, 8.026557e-18
2.395000e+02, 8.095119e-18
2.396000e+02, 8.165546e-18
2.397000e+02, 8.229127e-18
2.398000e+02, 8.280059e-18
2.399000e+02, 8.316612e-18
2.400000e+02, 8.338706e-18
2.401000e+02, 8.348689e-18
2.402000e+02, 8.354789e-18
2.403000e+02, 8.365982e-18
2.404000e+02, 8.383750e-18
2.405000e+02, 8.406912e-18
2.406000e+02, 8.438507e-18
2.407000e+02, 8.478459e-18
2.408000e+02, 8.518796e-18
2.409000e+02, 8.553766e-18
2.410000e+02, 8.585269e-18
2.411000e+02, 8.616824e-18
2.412000e+02, 8.651961e-18
2.413000e+02, 8.695623e-18
2.414000e+02, 8.748800e-18
2.415000e+02, 8.805221e-18
2.416000e+02, 8.856127e-18
2.417000e+02, 8.894380e-18
2.418000e+02, 8.917065e-18
2.419000e+02, 8.930347e-18
2.420000e+02, 8.947893e-18
2.421000e+02, 8.978378e-18
2.422000e+02, 9.017213e-18
2.423000e+02, 9.054359e-18
2.424000e+02, 9.086789e-18
2.425000e+02, 9.118800e-18
2.426000e+02, 9.153064e-18
2.427000e+02, 9.188266e-18
2.428000e+02, 9.225623e-18
2.429000e+02, 9.269535e-18
2.430000e+02, 9.318434e-18
2.431000e+02, 9.363438e-18
2.432000e+02, 9.400457e-18
2.433000e+02, 9.433592e-18
2.434000e+02, 9.463573e-18
2.435000e+02, 9.487320e-18
2.436000e+02, 9.510939e-18
2.437000e+02, 9.545262e-18
2.438000e+02, 9.587814e-18
2.439000e+02, 9.625813e-18
2.440000e+02, 9.653077e-18
2.441000e+02, 9.670345e-18
2.442000e+02, 9.678329e-18
2.443000e+02, 9.681203e-18
2.444000e+02, 9.686236e-18
2.445000e+02, 9.694803e-18
2.446000e+02, 9.704485e-18
2.447000e+02, 9.719677e-18
2.448000e+02, 9.749143e-18
2.449000e+02, 9.795944e-18
2.450000e+02, 9.859224e-18
2.451000e+02, 9.939437e-18
2.452000e+02, 1.003011e-17
2.453000e+02, 1.011211e-17
2.454000e+02, 1.017008e-17
2.455000e+02, 1.020702e-17
2.456000e+02, 1.023059e-17
2.457000e+02, 1.023918e-17
2.458000e+02, 1.023405e-17
2.459000e+02, 1.022726e-17
2.460000e+02, 1.022588e-17
2.461000e+02, 1.022448e-17
2.462000e+02, 1.021879e-17
2.463000e+02, 1.021306e-17
2.464000e+02, 1.021401e-17
2.465000e+02, 1.022578e-17
2.466000e+02, 1.024684e-17
2.467000e+02, 1.027124e-17
2.468000e+02, 1.029872e-17
2.469000e+02, 1.033689e-17
2.470000e+02, 1.038774e-17
2.471000e+02, 1.044308e-17
2.472000e+02, 1.049554e-17
2.473000e+02, 1.054253e-17
2.474000e+02, 1.058171e-17
2.475000e+02, 1.061311e-17
2.476000e+02, 1.064055e-17
2.477000e+02, 1.066427e-17
2.478000e+02, 1.067822e-17
2.479000e+02, 1.067607e-17
2.480000e+02, 1.065622e-17
2.481000e+02, 1.062644e-17
2.482000e+02, 1.060563e-17
2.483000e+02, 1.061157e-17
2.484000e+02, 1.064506e-17
2.485000e+02, 1.069325e-17
2.486000e+02, 1.074548e-17
2.487000e+02, 1.079950e-17
2.488000e+02, 1.085641e-17
2.489000e+02, 1.091334e-17
2.490000e+02, 1.095997e-17
2.491000e+02, 1.098402e-17
2.492000e+02, 1.098255e-17
2.493000e+02, 1.096718e-17
2.494000e+02, 1.095817e-17
2.495000e+02, 1.097065e-17
2.496000e+02, 1.100298e-17
2.497000e+02, 1.104144e-17
2.498000e+02, 1.107627e-17
2.499000e+02, 1.110478e-17
2.500000e+02, 1.112133e-17
2.501000e+02, 1.111786e-17
2.502000e+02, 1.109524e-17
2.503000e+02, 1.106358e-17
2.504000e+02, 1.103200e-17
2.505000e+02, 1.100532e-17
2.506000e+02, 1.098840e-17
2.507000e+02, 1.098532e-17
2.508000e+02, 1.099446e-17
2.509000e+02, 1.100955e-17
2.510000e+02, 1.102534e-17
2.511000e+02, 1.104024e-17
2.512000e+02, 1.105890e-17
2.513000e+02, 1.109561e-17
2.514000e+02, 1.116510e-17
2.515000e+02, 1.126191e-17
2.516000e+02, 1.135658e-17
2.517000e+02, 1.141904e-17
2.518000e+02, 1.144063e-17
2.519000e+02, 1.143100e-17
2.520000e+02, 1.140359e-17
2.521000e+02, 1.136999e-17
2.522000e+02, 1.133836e-17
2.523000e+02, 1.130846e-17
2.524000e+02, 1.127533e-17
2.525000e+02, 1.124328e-17
2.526000e+02, 1.122575e-17
2.527000e+02, 1.122806e-17
2.528000e+02, 1.124273e-17
2.529000e+02, 1.126148e-17
2.530000e+02, 1.127979e-17
2.531000e+02, 1.129422e-17
2.532000e+02, 1.130651e-17
2.533000e+02, 1.132517e-17
2.534000e+02, 1.135476e-17
2.535000e+02, 1.138708e-17
2.536000e+02, 1.140781e-17
2.537000e+02, 1.141131e-17
2.538000e+02, 1.140516e-17
2.539000e+02, 1.139827e-17
2.540000e+02, 1.139015e-17
2.541000e+02, 1.137600e-17
2.542000e+02, 1.135373e-17
2.543000e+02, 1.132191e-17
2.544000e+02, 1.128147e-17
2.545000e+02, 1.124243e-17
2.546000e+02, 1.122102e-17
2.547000e+02, 1.122960e-17
2.548000e+02, 1.127105e-17
2.549000e+02, 1.133737e-17
2.550000e+02, 1.141501e-17
2.551000e+02, 1.149468e-17
2.552000e+02, 1.156811e-17
2.553000e+02, 1.161725e-17
2.554000e+02, 1.162583e-17
2.555000e+02, 1.160057e-17
2.556000e+02, 1.156140e-17
2.557000e+02, 1.151615e-17
2.558000e+02, 1.146410e-17
2.559000e+02, 1.141259e-17
2.560000e+02, 1.136988e-17
2.561000e+02, 1.133133e-17
2.562000e+02, 1.128548e-17
2.563000e+02, 1.122651e-17
2.564000e+02, 1.115858e-17
2.565000e+02, 1.109573e-17
2.566000e+02, 1.105485e-17
2.567000e+02, 1.104419e-17
2.568000e+02, 1.106262e-17
2.569000e+02, 1.110558e-17
2.570000e+02, 1.116186e-17
2.571000e+02, 1.121023e-17
2.572000e+02, 1.123063e-17
2.573000e+02, 1.121776e-17
2.574000e+02, 1.118192e-17
2.575000e+02, 1.114220e-17
2.576000e+02, 1.111650e-17
2.577000e+02, 1.110913e-17
2.578000e+02, 1.110829e-17
2.579000e+02, 1.110224e-17
2.580000e+02, 1.109608e-17
2.581000e+02, 1.110734e-17
2.582000e+02, 1.114814e-17
2.583000e+02, 1.121621e-17
2.584000e+02, 1.129845e-17
2.585000e+02, 1.137580e-17
2.586000e+02, 1.142818e-17
2.587000e+02, 1.144326e-17
2.588000e+02, 1.142128e-17
2.589000e+02, 1.136836e-17
2.590000e+02, 1.128887e-17
2.591000e+02, 1.118630e-17
2.592000e+02, 1.106546e-17
2.593000e+02, 1.093320e-17
2.594000e+02, 1.080266e-17
2.595000e+02, 1.069286e-17
2.596000e+02, 1.061650e-17
2.597000e+02, 1.057337e-17
2.598000e+02, 1.055891e-17
2.599000e+02, 1.057047e-17
2.600000e+02, 1.060570e-17
2.601000e+02, 1.066418e-17
2.602000e+02, 1.074659e-17
2.603000e+02, 1.084487e-17
2.604000e+02, 1.093925e-17
2.605000e+02, 1.100893e-17
2.606000e+02, 1.104175e-17
2.607000e+02, 1.103589e-17
2.608000e+02, 1.099675e-17
2.609000e+02, 1.093118e-17
2.610000e+02, 1.084455e-17
2.611000e+02, 1.074409e-17
2.612000e+02, 1.064106e-17
2.613000e+02, 1.054801e-17
2.614000e+02, 1.047482e-17
2.615000e+02, 1.042597e-17
2.616000e+02, 1.040021e-17
2.617000e+02, 1.039203e-17
2.618000e+02, 1.039382e-17
2.619000e+02, 1.040056e-17
2.620000e+02, 1.041295e-17
2.621000e+02, 1.043201e-17
2.622000e+02, 1.045447e-17
2.623000e+02, 1.047660e-17
2.624000e+02, 1.049338e-17
2.625000e+02, 1.049252e-17
2.626000e+02, 1.046082e-17
2.627000e+02, 1.039587e-17
2.628000e+02, 1.030473e-17
2.629000e+02, 1.019903e-17
2.630000e+02, 1.009495e-17
2.631000e+02, 1.000790e-17
2.632000e+02, 9.944567e-18
2.633000e+02, 9.902905e-18
2.634000e+02, 9.876444e-18
2.635000e+02, 9.860482e-18
2.636000e+02, 9.858599e-18
2.637000e+02, 9.877683e-18
2.638000e+02, 9.915873e-18
2.639000e+02, 9.961866e-18
2.640000e+02, 1.000216e-17
2.641000e+02, 1.002688e-17
2.642000e+02, 1.003711e-17
2.643000e+02, 1.004221e-17
2.644000e+02, 1.004053e-17
2.645000e+02, 1.001497e-17
2.646000e+02, 9.954717e-18
2.647000e+02, 9.864985e-18
2.648000e+02, 9.754525e-18
2.649000e+02, 9.634064e-18
2.650000e+02, 9.525196e-18
2.651000e+02, 9.452494e-18
2.652000e+02, 9.426765e-18
2.653000e+02, 9.441540e-18
2.654000e+02, 9.478579e-18
2.655000e+02, 9.514291e-18
2.656000e+02, 9.530391e-18
2.657000e+02, 9.523079e-18
2.658000e+02, 9.498521e-18
2.659000e+02, 9.459819e-18
2.660000e+02, 9.404956e-18
2.661000e+02, 9.339239e-18
2.662000e+02, 9.279678e-18
2.663000e+02, 9.238336e-18
2.664000e+02, 9.208445e-18
2.665000e+02, 9.174509e-18
2.666000e+02, 9.127142e-18
2.667000e+02, 9.062126e-18
2.668000e+02, 8.978036e-18
2.669000e+02, 8.883939e-18
2.670000e+02, 8.801414e-18
2.671000e+02, 8.753321e-18
2.672000e+02, 8.751604e-18
2.673000e+02, 8.790868e-18
2.674000e+02, 8.849194e-18
2.675000e+02, 8.898860e-18
2.676000e+02, 8.918414e-18
2.677000e+02, 8.897064e-18
2.678000e+02, 8.837260e-18
2.679000e+02, 8.754610e-18
2.680000e+02, 8.666033e-18
2.681000e+02, 8.578716e-18
2.682000e+02, 8.494555e-18
2.683000e+02, 8.415745e-18
2.684000e+02, 8.342241e-18
2.685000e+02, 8.274848e-18
2.686000e+02, 8.220129e-18
2.687000e+02, 8.181739e-18
2.688000e+02, 8.151315e-18
2.689000e+02, 8.116273e-18
2.690000e+02, 8.073375e-18
2.691000e+02, 8.033035e-18
2.692000e+02, 8.012808e-18
2.693000e+02, 8.024537e-18
2.694000e+02, 8.066159e-18
2.695000e+02, 8.123890e-18
2.696000e+02, 8.176383e-18
2.697000e+02, 8.199742e-18
2.698000e+02, 8.178945e-18
2.699000e+02, 8.116108e-18
2.700000e+02, 8.026796e-18
2.701000e+02, 7.931008e-18
2.702000e+02, 7.843070e-18
2.703000e+02, 7.764903e-18
2.704000e+02, 7.691386e-18
2.705000e+02, 7.619370e-18
2.706000e+02, 7.548643e-18
2.707000e+02, 7.482973e-18
2.708000e+02, 7.430603e-18
2.709000e+02, 7.393488e-18
2.710000e+02, 7.361773e-18
2.711000e+02, 7.327463e-18
2.712000e+02, 7.293208e-18
2.713000e+02, 7.263970e-18
2.714000e+02, 7.241797e-18
2.715000e+02, 7.227942e-18
2.716000e+02, 7.221836e-18
2.717000e+02, 7.220481e-18
2.718000e+02, 7.218873e-18
2.719000e+02, 7.206986e-18
2.720000e+02, 7.172268e-18
2.721000e+02, 7.111191e-18
2.722000e+02, 7.036233e-18
2.723000e+02, 6.969075e-18
2.724000e+02, 6.922998e-18
2.725000e+02, 6.890476e-18
2.726000e+02, 6.854807e-18
2.727000e+02, 6.811683e-18
2.728000e+02, 6.768715e-18
2.729000e+02, 6.731867e-18
2.730000e+02, 6.704382e-18
2.731000e+02, 6.686403e-18
2.732000e+02, 6.666122e-18
2.733000e+02, 6.625824e-18
2.734000e+02, 6.562155e-18
2.735000e+02, 6.488583e-18
2.736000e+02, 6.418039e-18
2.737000e+02, 6.352444e-18
2.738000e+02, 6.286859e-18
2.739000e+02, 6.216626e-18
2.740000e+02, 6.140838e-18
2.741000e+02, 6.063251e-18
2.742000e+02, 5.992324e-18
2.743000e+02, 5.939390e-18
2.744000e+02, 5.913788e-18
2.745000e+02, 5.916810e-18
2.746000e+02, 5.938504e-18
2.747000e+02, 5.961465e-18
2.748000e+02, 5.970398e-18
2.749000e+02, 5.958547e-18
2.750000e+02, 5.926990e-18
2.751000e+02, 5.882091e-18
2.752000e+02, 5.831793e-18
2.753000e+02, 5.780033e-18
2.754000e+02, 5.726266e-18
2.755000e+02, 5.669831e-18
2.756000e+02, 5.610888e-18
2.757000e+02, 5.551285e-18
2.758000e+02, 5.498254e-18
2.759000e+02, 5.460694e-18
2.760000e+02, 5.439870e-18
2.761000e+02, 5.428575e-18
2.762000e+02, 5.416124e-18
2.763000e+02, 5.391097e-18
2.764000e+02, 5.346854e-18
2.765000e+02, 5.288415e-18
2.766000e+02, 5.229322e-18
2.767000e+02, 5.180208e-18
2.768000e+02, 5.141606e-18
2.769000e+02, 5.107505e-18
2.770000e+02, 5.074888e-18
2.771000e+02, 5.046027e-18
2.772000e+02, 5.020803e-18
2.773000e+02, 4.994464e-18
2.774000e+02, 4.964026e-18
2.775000e+02, 4.928352e-18
2.776000e+02, 4.884023e-18
2.777000e+02, 4.829956e-18
2.778000e+02, 4.771928e-18
2.779000e+02, 4.717001e-18
2.780000e+02, 4.669187e-18
2.781000e+02, 4.630927e-18
2.782000e+02, 4.601810e-18
2.783000e+02, 4.578068e-18
2.784000e+02, 4.556829e-18
2.785000e+02, 4.535570e-18
2.786000e+02, 4.508903e-18
2.787000e+02, 4.473973e-18
2.788000e+02, 4.434143e-18
2.789000e+02, 4.390832e-18
2.790000e+02, 4.341986e-18
2.791000e+02, 4.293157e-18
2.792000e+02, 4.255183e-18
2.793000e+02, 4.227856e-18
2.794000e+02, 4.202312e-18
2.795000e+02, 4.178955e-18
2.796000e+02, 4.164700e-18
2.797000e+02, 4.154718e-18
2.798000e+02, 4.134994e-18
2.799000e+02, 4.100039e-18
2.800000e+02, 4.052736e-18
2.801000e+02, 3.992608e-18
2.802000e+02, 3.920330e-18
2.803000e+02, 3.848264e-18
2.804000e+02, 3.790869e-18
2.805000e+02, 3.749010e-18
2.806000e+02, 3.715795e-18
2.807000e+02, 3.690530e-18
2.808000e+02, 3.675232e-18
2.809000e+02, 3.665411e-18
2.810000e+02, 3.653925e-18
2.811000e+02, 3.636295e-18
2.812000e+02, 3.607130e-18
2.813000e+02, 3.560825e-18
2.814000e+02, 3.500332e-18
2.815000e+02, 3.438068e-18
2.816000e+02, 3.384540e-18
2.817000e+02, 3.340290e-18
2.818000e+02, 3.301669e-18
2.819000e+02, 3.270439e-18
2.820000e+02, 3.251838e-18
2.821000e+02, 3.244730e-18
2.822000e+02, 3.240194e-18
2.823000e+02, 3.229205e-18
2.824000e+02, 3.207008e-18
2.825000e+02, 3.173005e-18
2.826000e+02, 3.131604e-18
2.827000e+02, 3.091101e-18
2.828000e+02, 3.058479e-18
2.829000e+02, 3.035991e-18
2.830000e+02, 3.022858e-18
2.831000e+02, 3.018045e-18
2.832000e+02, 3.019485e-18
2.833000e+02, 3.021100e-18
2.834000e+02, 3.013359e-18
2.835000e+02, 2.987750e-18
2.836000e+02, 2.940790e-18
2.837000e+02, 2.877710e-18
2.838000e+02, 2.812407e-18
2.839000e+02, 2.755963e-18
2.840000e+02, 2.706431e-18
2.841000e+02, 2.659841e-18
2.842000e+02, 2.623925e-18
2.843000e+02, 2.605866e-18
2.844000e+02, 2.596401e-18
2.845000e+02, 2.582052e-18
2.846000e+02, 2.561887e-18
2.847000e+02, 2.540171e-18
2.848000e+02, 2.516394e-18
2.849000e+02, 2.490462e-18
2.850000e+02, 2.464002e-18
2.851000e+02, 2.434074e-18
2.852000e+02, 2.397403e-18
2.853000e+02, 2.358399e-18
2.854000e+02, 2.324743e-18
2.855000e+02, 2.300161e-18
2.856000e+02, 2.284586e-18
2.857000e+02, 2.275109e-18
2.858000e+02, 2.267011e-18
2.859000e+02, 2.257153e-18
2.860000e+02, 2.243664e-18
2.861000e+02, 2.223896e-18
2.862000e+02, 2.197618e-18
2.863000e+02, 2.168743e-18
2.864000e+02, 2.140660e-18
2.865000e+02, 2.113453e-18
2.866000e+02, 2.086211e-18
2.867000e+02, 2.060044e-18
2.868000e+02, 2.038590e-18
2.869000e+02, 2.022989e-18
2.870000e+02, 2.007427e-18
2.871000e+02, 1.986305e-18
2.872000e+02, 1.962494e-18
2.873000e+02, 1.940562e-18
2.874000e+02, 1.917923e-18
2.875000e+02, 1.889503e-18
2.876000e+02, 1.854821e-18
2.877000e+02, 1.817642e-18
2.878000e+02, 1.783322e-18
2.879000e+02, 1.755469e-18
2.880000e+02, 1.733288e-18
2.881000e+02, 1.714065e-18
2.882000e+02, 1.696306e-18
2.883000e+02, 1.679374e-18
2.884000e+02, 1.663775e-18
2.885000e+02, 1.650704e-18
2.886000e+02, 1.638472e-18
2.887000e+02, 1.622644e-18
2.888000e+02, 1.601113e-18
2.889000e+02, 1.576681e-18
2.890000e+02, 1.554917e-18
2.891000e+02, 1.538898e-18
2.892000e+02, 1.525316e-18
2.893000e+02, 1.508967e-18
2.894000e+02, 1.489392e-18
2.895000e+02, 1.468071e-18
2.896000e+02, 1.444590e-18
2.897000e+02, 1.421071e-18
2.898000e+02, 1.402718e-18
2.899000e+02, 1.390365e-18
2.900000e+02, 1.379481e-18
2.901000e+02, 1.366519e-18
2.902000e+02, 1.351127e-18
2.903000e+02, 1.334658e-18
2.904000e+02, 1.319421e-18
2.905000e+02, 1.306988e-18
2.906000e+02, 1.296302e-18
2.907000e+02, 1.284352e-18
2.908000e+02, 1.269202e-18
2.909000e+02, 1.252565e-18
2.910000e+02, 1.237364e-18
2.911000e+02, 1.222738e-18
2.912000e+02, 1.206067e-18
2.913000e+02, 1.188353e-18
2.914000e+02, 1.171200e-18
2.915000e+02, 1.152177e-18
2.916000e+02, 1.129555e-18
2.917000e+02, 1.106805e-18
2.918000e+02, 1.088170e-18
2.919000e+02, 1.073916e-18
2.920000e+02, 1.061002e-18
2.921000e+02, 1.046548e-18
2.922000e+02, 1.031749e-18
2.923000e+02, 1.020799e-18
2.924000e+02, 1.014404e-18
2.925000e+02, 1.009063e-18
2.926000e+02, 1.002948e-18
2.927000e+02, 9.960287e-19
2.928000e+02, 9.861551e-19
2.929000e+02, 9.714915e-19
2.930000e+02, 9.539786e-19
2.931000e+02, 9.363791e-19
2.932000e+02, 9.195624e-19
2.933000e+02, 9.039063e-19
2.934000e+02, 8.894472e-19
2.935000e+02, 8.749232e-19
2.936000e+02, 8.593147e-19
2.937000e+02, 8.432100e-19
2.938000e+02, 8.279402e-19
2.939000e+02, 8.151059e-19
2.940000e+02, 8.061362e-19
2.941000e+02, 8.001963e-19
2.942000e+02, 7.940041e-19
2.943000e+02, 7.857581e-19
2.944000e+02, 7.775736e-19
2.945000e+02, 7.720370e-19
2.946000e+02, 7.677929e-19
2.947000e+02, 7.607940e-19
2.948000e+02, 7.491610e-19
2.949000e+02, 7.344727e-19
2.950000e+02, 7.189487e-19
2.951000e+02, 7.040739e-19
2.952000e+02, 6.908672e-19
2.953000e+02, 6.787719e-19
2.954000e+02, 6.663530e-19
2.955000e+02, 6.545136e-19
2.956000e+02, 6.451164e-19
2.957000e+02, 6.369656e-19
2.958000e+02, 6.283607e-19
2.959000e+02, 6.205450e-19
2.960000e+02, 6.133414e-19
2.961000e+02, 6.028523e-19
2.962000e+02, 5.879398e-19
2.963000e+02, 5.730861e-19
2.964000e+02, 5.626834e-19
2.965000e+02, 5.574258e-19
2.966000e+02, 5.558930e-19
2.967000e+02, 5.556374e-19
2.968000e+02, 5.534055e-19
2.969000e+02, 5.469158e-19
2.970000e+02, 5.371538e-19
2.971000e+02, 5.278281e-19
2.972000e+02, 5.209200e-19
2.973000e+02, 5.141892e-19
2.974000e+02, 5.052289e-19
2.975000e+02, 4.951378e-19
2.976000e+02, 4.859618e-19
2.977000e+02, 4.779214e-19
2.978000e+02, 4.704153e-19
2.979000e+02, 4.630460e-19
2.980000e+02, 4.558464e-19
2.981000e+02, 4.500942e-19
2.982000e+02, 4.471845e-19
2.983000e+02, 4.442560e-19
2.984000e+02, 4.375127e-19
2.985000e+02, 4.309741e-19
2.986000e+02, 4.248963e-19
2.987000e+02, 4.209144e-19
2.988000e+02, 4.201628e-19
2.989000e+02, 4.170057e-19
2.990000e+02, 4.104474e-19
2.991000e+02, 4.021094e-19
2.992000e+02, 3.935674e-19
2.993000e+02, 3.845050e-19
2.994000e+02, 3.752976e-19
2.995000e+02, 3.673727e-19
2.996000e+02, 3.604282e-19
2.997000e+02, 3.542411e-19
2.998000e+02, 3.502176e-19
2.999000e+02, 3.476269e-19
3.000000e+02, 3.454711e-19
3.001000e+02, 3.416052e-19
3.002000e+02, 3.373625e-19
3.003000e+02, 3.337014e-19
3.004000e+02, 3.295566e-19
3.005000e+02, 3.268956e-19
3.006000e+02, 3.241359e-19
3.007000e+02, 3.203052e-19
3.008000e+02, 3.148744e-19
3.009000e+02, 3.077351e-19
3.010000e+02, 3.003607e-19
3.011000e+02, 2.931340e-19
3.012000e+02, 2.867207e-19
3.013000e+02, 2.812932e-19
3.014000e+02, 2.772054e-19
3.015000e+02, 2.743557e-19
3.016000e+02, 2.714097e-19
3.017000e+02, 2.691174e-19
3.018000e+02, 2.680025e-19
3.019000e+02, 2.671063e-19
3.020000e+02, 2.655363e-19
3.021000e+02, 2.623722e-19
3.022000e+02, 2.588549e-19
3.023000e+02, 2.557342e-19
3.024000e+02, 2.518201e-19
3.025000e+02, 2.465829e-19
3.026000e+02, 2.413571e-19
3.027000e+02, 2.362900e-19
3.028000e+02, 2.312608e-19
3.029000e+02, 2.265123e-19
3.030000e+02, 2.214320e-19
3.031000e+02, 2.171648e-19
3.032000e+02, 2.140030e-19
3.033000e+02, 2.116628e-19
3.034000e+02, 2.101370e-19
3.035000e+02, 2.080358e-19
3.036000e+02, 2.058448e-19
3.037000e+02, 2.043264e-19
3.038000e+02, 2.035755e-19
3.039000e+02, 2.037262e-19
3.040000e+02, 2.037774e-19
3.041000e+02, 2.025457e-19
3.042000e+02, 1.995335e-19
3.043000e+02, 1.955423e-19
3.044000e+02, 1.919012e-19
3.045000e+02, 1.889207e-19
3.046000e+02, 1.856113e-19
3.047000e+02, 1.812577e-19
3.048000e+02, 1.763565e-19
3.049000e+02, 1.717180e-19
3.050000e+02, 1.675373e-19
3.051000e+02, 1.636737e-19
3.052000e+02, 1.602954e-19
3.053000e+02, 1.574049e-19
3.054000e+02, 1.549256e-19
3.055000e+02, 1.533284e-19
3.056000e+02, 1.530620e-19
3.057000e+02, 1.535366e-19
3.058000e+02, 1.533694e-19
3.059000e+02, 1.523028e-19
3.060000e+02, 1.505417e-19
3.061000e+02, 1.490488e-19
3.062000e+02, 1.492219e-19
3.063000e+02, 1.497021e-19
3.064000e+02, 1.484417e-19
3.065000e+02, 1.455414e-19
3.066000e+02, 1.418985e-19
3.067000e+02, 1.387095e-19
3.068000e+02, 1.363860e-19
3.069000e+02, 1.340507e-19
3.070000e+02, 1.306201e-19
3.071000e+02, 1.264606e-19
3.072000e+02, 1.222743e-19
3.073000e+02, 1.189028e-19
3.074000e+02, 1.165248e-19
3.075000e+02, 1.142241e-19
3.076000e+02, 1.125089e-19
3.077000e+02, 1.114823e-19
3.078000e+02, 1.113846e-19
3.079000e+02, 1.124056e-19
3.080000e+02, 1.131002e-19
3.081000e+02, 1.132308e-19
3.082000e+02, 1.129579e-19
3.083000e+02, 1.114315e-19
3.084000e+02, 1.083869e-19
3.085000e+02, 1.052856e-19
3.086000e+02, 1.046629e-19
3.087000e+02, 1.057749e-19
3.088000e+02, 1.056349e-19
3.089000e+02, 1.042415e-19
3.090000e+02, 1.027316e-19
3.091000e+02, 1.013941e-19
3.092000e+02, 9.937395e-20
3.093000e+02, 9.688402e-20
3.094000e+02, 9.385993e-20
3.095000e+02, 8.941215e-20
3.096000e+02, 8.535721e-20
3.097000e+02, 8.282920e-20
3.098000e+02, 8.161178e-20
3.099000e+02, 8.106180e-20
3.100000e+02, 8.061070e-20
3.101000e+02, 8.061770e-20
3.102000e+02, 8.151671e-20
3.103000e+02, 8.248587e-20
3.104000e+02, 8.206950e-20
3.105000e+02, 8.013156e-20
3.106000e+02, 7.805104e-20
3.107000e+02, 7.709208e-20
3.108000e+02, 7.645546e-20
3.109000e+02, 7.499695e-20
3.110000e+02, 7.377564e-20
3.111000e+02, 7.309977e-20
3.112000e+02, 7.294665e-20
3.113000e+02, 7.400656e-20
3.114000e+02, 7.509994e-20
3.115000e+02, 7.465891e-20
3.116000e+02, 7.272568e-20
3.117000e+02, 7.011910e-20
3.118000e+02, 6.737170e-20
3.119000e+02, 6.488618e-20
3.120000e+02, 6.294101e-20
3.121000e+02, 6.143347e-20
3.122000e+02, 6.046068e-20
3.123000e+02, 5.963070e-20
3.124000e+02, 5.833579e-20
3.125000e+02, 5.683914e-20
3.126000e+02, 5.557756e-20
3.127000e+02, 5.459662e-20
3.128000e+02, 5.379061e-20
3.129000e+02, 5.347576e-20
3.130000e+02, 5.335096e-20
3.131000e+02, 5.293449e-20
3.132000e+02, 5.263253e-20
3.133000e+02, 5.371639e-20
3.134000e+02, 5.610664e-20
3.135000e+02, 5.797644e-20
3.136000e+02, 5.815326e-20
3.137000e+02, 5.697732e-20
3.138000e+02, 5.497469e-20
3.139000e+02, 5.276589e-20
3.140000e+02, 5.081449e-20
3.141000e+02, 4.868391e-20
3.142000e+02, 4.641405e-20
3.143000e+02, 4.416725e-20
3.144000e+02, 4.180034e-20
3.145000e+02, 3.957385e-20
3.146000e+02, 3.815533e-20
3.147000e+02, 3.778168e-20
3.148000e+02, 3.826769e-20
3.149000e+02, 3.887211e-20
3.150000e+02, 3.877674e-20
3.151000e+02, 3.811993e-20
3.152000e+02, 3.771445e-20
3.153000e+02, 3.843471e-20
3.154000e+02, 4.080987e-20
3.155000e+02, 4.392307e-20
3.156000e+02, 4.531110e-20
3.157000e+02, 4.417311e-20
3.158000e+02, 4.173632e-20
3.159000e+02, 3.907978e-20
3.160000e+02, 3.661029e-20
3.161000e+02, 3.459693e-20
3.162000e+02, 3.364466e-20
3.163000e+02, 3.311767e-20
3.164000e+02, 3.218672e-20
3.165000e+02, 3.096831e-20
3.166000e+02, 2.952588e-20
3.167000e+02, 2.820954e-20
3.168000e+02, 2.756032e-20
3.169000e+02, 2.825529e-20
3.170000e+02, 3.026360e-20
3.171000e+02, 3.188439e-20
3.172000e+02, 3.193998e-20
3.173000e+02, 3.084253e-20
3.174000e+02, 2.989493e-20
3.175000e+02, 3.086875e-20
3.176000e+02, 3.369043e-20
3.177000e+02, 3.503863e-20
3.178000e+02, 3.346848e-20
3.179000e+02, 3.077493e-20
3.180000e+02, 2.870265e-20
3.181000e+02, 2.804578e-20
3.182000e+02, 2.718364e-20
3.183000e+02, 2.518764e-20
3.184000e+02, 2.304585e-20
3.185000e+02, 2.135617e-20
3.186000e+02, 2.043293e-20
3.187000e+02, 2.004142e-20
3.188000e+02, 1.956271e-20
3.189000e+02, 1.881187e-20
3.190000e+02, 1.794759e-20
3.191000e+02, 1.728408e-20
3.192000e+02, 1.745960e-20
3.193000e+02, 1.927046e-20
3.194000e+02, 2.269240e-20
3.195000e+02, 2.541338e-20
3.196000e+02, 2.562945e-20
3.197000e+02, 2.432260e-20
3.198000e+02, 2.303530e-20
3.199000e+02, 2.365195e-20
3.200000e+02, 2.634125e-20
3.201000e+02, 2.735479e-20
3.202000e+02, 2.536943e-20
3.203000e+02, 2.257093e-20
3.204000e+02, 1.999404e-20
3.205000e+02, 1.825949e-20
3.206000e+02, 1.753068e-20
3.207000e+02, 1.665672e-20
3.208000e+02, 1.511269e-20
3.209000e+02, 1.353061e-20
3.210000e+02, 1.224854e-20
3.211000e+02, 1.145262e-20
3.212000e+02, 1.124738e-20
3.213000e+02, 1.155416e-20
3.214000e+02, 1.207255e-20
3.215000e+02, 1.229196e-20
3.216000e+02, 1.201231e-20
3.217000e+02, 1.165732e-20
3.218000e+02, 1.203706e-20
3.219000e+02, 1.440061e-20
3.220000e+02, 1.866957e-20
3.221000e+02, 2.144606e-20
3.222000e+02, 2.100811e-20
3.223000e+02, 1.909212e-20
3.224000e+02, 1.710796e-20
3.225000e+02, 1.624482e-20
3.226000e+02, 1.798336e-20
3.227000e+02, 2.009446e-20
3.228000e+02, 1.958154e-20
3.229000e+02, 1.753468e-20
3.230000e+02, 1.531095e-20
3.231000e+02, 1.324518e-20
3.232000e+02, 1.146913e-20
3.233000e+02, 1.004932e-20
3.234000e+02, 8.917854e-21
3.235000e+02, 7.987629e-21
3.236000e+02, 7.239366e-21
3.237000e+02, 6.595901e-21
3.238000e+02, 6.080741e-21
3.239000e+02, 5.837755e-21
3.240000e+02, 6.024185e-21
3.241000e+02, 6.891072e-21
3.242000e+02, 8.036371e-21
3.243000e+02, 8.617791e-21
3.244000e+02, 8.563870e-21
3.245000e+02, 8.379915e-21
3.246000e+02, 8.466666e-21
3.247000e+02, 9.945911e-21
3.248000e+02, 1.354799e-20
3.249000e+02, 1.612973e-20
3.250000e+02, 1.573683e-20
3.251000e+02, 1.414299e-20
3.252000e+02, 1.239869e-20
3.253000e+02, 1.092638e-20
3.254000e+02, 1.038727e-20
3.255000e+02, 1.115431e-20
3.256000e+02, 1.158928e-20
3.257000e+02, 1.073341e-20
3.258000e+02, 9.475682e-21
3.259000e+02, 8.246098e-21
3.260000e+02, 7.131300e-21
3.261000e+02, 6.190834e-21
3.262000e+02, 5.467514e-21
3.263000e+02, 4.936374e-21
3.264000e+02, 4.591645e-21
3.265000e+02, 4.333063e-21
3.266000e+02, 4.078380e-21
3.267000e+02, 3.828191e-21
3.268000e+02, 3.659793e-21
3.269000e+02, 3.692753e-21
3.270000e+02, 4.256604e-21
3.271000e+02, 5.566842e-21
3.272000e+02, 6.760850e-21
3.273000e+02, 7.052223e-21
3.274000e+02, 6.727565e-21
3.275000e+02, 6.209364e-21
3.276000e+02, 5.892926e-21
3.277000e+02, 6.479211e-21
3.278000e+02, 8.557962e-21
3.279000e+02, 1.090391e-20
3.280000e+02, 1.179040e-20
3.281000e+02, 1.120271e-20
3.282000e+02, 9.953328e-21
3.283000e+02, 8.607752e-21
3.284000e+02, 7.359213e-21
3.285000e+02, 6.270738e-21
3.286000e+02, 5.340702e-21
3.287000e+02, 4.560399e-21
3.288000e+02, 3.919448e-21
3.289000e+02, 3.399317e-21
3.290000e+02, 2.979970e-21
3.291000e+02, 2.634223e-21
3.292000e+02, 2.360591e-21
3.293000e+02, 2.160112e-21
3.294000e+02, 2.044509e-21
3.295000e+02, 2.069949e-21
3.296000e+02, 2.210975e-21
3.297000e+02, 2.320993e-21
3.298000e+02, 2.316757e-21
3.299000e+02, 2.251678e-21
3.300000e+02, 2.251977e-21
3.301000e+02, 2.514051e-21
3.302000e+02, 3.490874e-21
3.303000e+02, 5.031529e-21
3.304000e+02, 5.907108e-21
3.305000e+02, 5.783607e-21
3.306000e+02, 5.286805e-21
3.307000e+02, 4.755935e-21
3.308000e+02, 4.412474e-21
3.309000e+02, 4.590988e-21
3.310000e+02, 5.782495e-21
3.311000e+02, 6.950832e-21
3.312000e+02, 6.945810e-21
3.313000e+02, 6.287139e-21
3.314000e+02, 5.483712e-21
3.315000e+02, 4.706934e-21
3.316000e+02, 4.021989e-21
3.317000e+02, 3.433209e-21
3.318000e+02, 2.929519e-21
3.319000e+02, 2.507203e-21
3.320000e+02, 2.164577e-21
3.321000e+02, 1.896278e-21
3.322000e+02, 1.672970e-21
3.323000e+02, 1.499433e-21
3.324000e+02, 1.358753e-21
3.325000e+02, 1.241630e-21
3.326000e+02, 1.173077e-21
3.327000e+02, 1.176844e-21
3.328000e+02, 1.318521e-21
3.329000e+02, 1.606509e-21
3.330000e+02, 1.850568e-21
3.331000e+02, 1.922905e-21
3.332000e+02, 1.889399e-21
3.333000e+02, 1.838460e-21
3.334000e+02, 1.897789e-21
3.335000e+02, 2.349091e-21
3.336000e+02, 3.546332e-21
3.337000e+02, 4.716472e-21
3.338000e+02, 4.960781e-21
3.339000e+02, 4.607481e-21
3.340000e+02, 4.072727e-21
3.341000e+02, 3.511065e-21
3.342000e+02, 2.997279e-21
3.343000e+02, 2.549999e-21
3.344000e+02, 2.181391e-21
3.345000e+02, 1.911661e-21
3.346000e+02, 1.754497e-21
3.347000e+02, 1.629757e-21
3.348000e+02, 1.465048e-21
3.349000e+02, 1.294216e-21
3.350000e+02, 1.129595e-21
3.351000e+02, 9.846028e-22
3.352000e+02, 8.576462e-22
3.353000e+02, 7.488484e-22
3.354000e+02, 6.793718e-22
3.355000e+02, 6.480238e-22
3.356000e+02, 6.419975e-22
3.357000e+02, 6.451540e-22
3.358000e+02, 6.330604e-22
3.359000e+02, 6.038376e-22
3.360000e+02, 5.881616e-22
3.361000e+02, 6.187222e-22
3.362000e+02, 7.227711e-22
3.363000e+02, 9.846765e-22
3.364000e+02, 1.393097e-21
3.365000e+02, 1.679102e-21
3.366000e+02, 1.706072e-21
3.367000e+02, 1.599389e-21
3.368000e+02, 1.478825e-21
3.369000e+02, 1.434610e-21
3.370000e+02, 1.577380e-21
3.371000e+02, 2.199855e-21
3.372000e+02, 3.034772e-21
3.373000e+02, 3.364856e-21
3.374000e+02, 3.191192e-21
3.375000e+02, 2.844567e-21
3.376000e+02, 2.472926e-21
3.377000e+02, 2.118221e-21
3.378000e+02, 1.804655e-21
3.379000e+02, 1.537033e-21
3.380000e+02, 1.305062e-21
3.381000e+02, 1.108239e-21
3.382000e+02, 9.426808e-22
3.383000e+02, 8.009934e-22
3.384000e+02, 6.817838e-22
3.385000e+02, 5.904539e-22
3.386000e+02, 5.157234e-22
3.387000e+02, 4.646932e-22
3.388000e+02, 4.268483e-22
3.389000e+02, 3.974323e-22
3.390000e+02, 3.788235e-22
3.391000e+02, 3.678956e-22
3.392000e+02, 3.805543e-22
3.393000e+02, 4.276807e-22
3.394000e+02, 4.841715e-22
3.395000e+02, 5.056692e-22
3.396000e+02, 4.972208e-22
3.397000e+02, 4.914300e-22
3.398000e+02, 5.126532e-22
3.399000e+02, 6.322486e-22
3.400000e+02, 9.800173e-22
3.401000e+02, 1.421286e-21
3.402000e+02, 1.625239e-21
3.403000e+02, 1.571313e-21
3.404000e+02, 1.416514e-21
3.405000e+02, 1.236199e-21
3.406000e+02, 1.062482e-21
3.407000e+02, 9.070193e-22
3.408000e+02, 7.720754e-22
3.409000e+02, 6.581884e-22
3.410000e+02, 5.631513e-22
3.411000e+02, 4.811752e-22
3.412000e+02, 4.137163e-22
3.413000e+02, 3.591952e-22
3.414000e+02, 3.136960e-22
3.415000e+02, 2.782348e-22
3.416000e+02, 2.488865e-22
3.417000e+02, 2.283030e-22
3.418000e+02, 2.162605e-22
3.419000e+02, 2.061746e-22
3.420000e+02, 1.999097e-22
3.421000e+02, 1.942384e-22
3.422000e+02, 1.813104e-22
3.423000e+02, 1.664335e-22
3.424000e+02, 1.518864e-22
3.425000e+02, 1.428546e-22
3.426000e+02, 1.381809e-22
3.427000e+02, 1.372217e-22
3.428000e+02, 1.487274e-22
3.429000e+02, 1.715473e-22
3.430000e+02, 2.074610e-22
3.431000e+02, 2.811094e-22
3.432000e+02, 3.678868e-22
3.433000e+02, 4.052907e-22
3.434000e+02, 3.985089e-22
3.435000e+02, 3.833759e-22
3.436000e+02, 3.814156e-22
3.437000e+02, 4.244139e-22
3.438000e+02, 6.068709e-22
3.439000e+02, 9.636212e-22
3.440000e+02, 1.240735e-21
3.441000e+02, 1.267535e-21
3.442000e+02, 1.167927e-21
3.443000e+02, 1.031655e-21
3.444000e+02, 8.914269e-22
3.445000e+02, 7.609780e-22
3.446000e+02, 6.461521e-22
3.447000e+02, 5.490370e-22
3.448000e+02, 4.633117e-22
3.449000e+02, 3.935678e-22
3.450000e+02, 3.394590e-22
3.451000e+02, 2.914247e-22
3.452000e+02, 2.519507e-22
3.453000e+02, 2.281975e-22
3.454000e+02, 2.091233e-22
3.455000e+02, 1.897244e-22
3.456000e+02, 1.756723e-22
3.457000e+02, 1.636094e-22
3.458000e+02, 1.509365e-22
3.459000e+02, 1.392142e-22
3.460000e+02, 1.266641e-22
3.461000e+02, 1.123802e-22
3.462000e+02, 1.001735e-22
3.463000e+02, 9.390764e-23
3.464000e+02, 9.077981e-23
3.465000e+02, 8.759150e-23
3.466000e+02, 8.654340e-23
3.467000e+02, 8.762916e-23
3.468000e+02, 9.144175e-23
3.469000e+02, 1.046489e-22
3.470000e+02, 1.436937e-22
3.471000e+02, 2.413846e-22
3.472000e+02, 3.526576e-22
3.473000e+02, 3.924188e-22
3.474000e+02, 3.722503e-22
3.475000e+02, 3.342175e-22
3.476000e+02, 2.894845e-22
3.477000e+02, 2.460071e-22
3.478000e+02, 2.089945e-22
3.479000e+02, 1.769802e-22
3.480000e+02, 1.501544e-22
3.481000e+02, 1.274336e-22
3.482000e+02, 1.072250e-22
3.483000e+02, 9.059005e-23
3.484000e+02, 8.014704e-23
3.485000e+02, 7.323242e-23
3.486000e+02, 6.582399e-23
3.487000e+02, 6.228541e-23
3.488000e+02, 5.726838e-23
3.489000e+02, 4.918020e-23
3.490000e+02, 4.415463e-23
3.491000e+02, 3.918466e-23
3.492000e+02, 3.407932e-23
3.493000e+02, 3.473011e-23
3.494000e+02, 4.047749e-23
3.495000e+02, 4.467564e-23
3.496000e+02, 4.604166e-23
3.497000e+02, 4.303959e-23
3.498000e+02, 3.948314e-23
3.499000e+02, 3.855312e-23
3.500000e+02, 3.949270e-23
3.501000e+02, 4.103052e-23
3.502000e+02, 4.229818e-23
3.503000e+02, 4.331512e-23
3.504000e+02, 4.594218e-23
3.505000e+02, 5.212577e-23
3.506000e+02, 5.607675e-23
3.507000e+02, 5.894098e-23
3.508000e+02, 6.186043e-23
3.509000e+02, 6.428884e-23
3.510000e+02, 7.266747e-23
3.511000e+02, 9.355508e-23
3.512000e+02, 1.474582e-22
3.513000e+02, 2.501562e-22
3.514000e+02, 3.431642e-22
3.515000e+02, 3.664994e-22
3.516000e+02, 3.436304e-22
3.517000e+02, 3.055866e-22
3.518000e+02, 2.662328e-22
3.519000e+02, 2.288996e-22
3.520000e+02, 1.940842e-22
3.521000e+02, 1.650888e-22
3.522000e+02, 1.408756e-22
3.523000e+02, 1.201934e-22
3.524000e+02, 1.043160e-22
3.525000e+02, 9.453654e-23
3.526000e+02, 8.538509e-23
3.527000e+02, 7.565350e-23
3.528000e+02, 6.629453e-23
3.529000e+02, 5.727808e-23
3.530000e+02, 5.042393e-23
3.531000e+02, 4.478960e-23
3.532000e+02, 3.955783e-23
3.533000e+02, 3.375090e-23
3.534000e+02, 2.963173e-23
3.535000e+02, 2.771940e-23
3.536000e+02, 2.417264e-23
3.537000e+02, 2.043387e-23
3.538000e+02, 1.841373e-23
3.539000e+02, 1.572299e-23
3.540000e+02, 1.523110e-23
3.541000e+02, 1.659640e-23
3.542000e+02, 1.640126e-23
3.543000e+02, 1.676044e-23
3.544000e+02, 1.774055e-23
3.545000e+02, 1.914194e-23
3.546000e+02, 2.114457e-23
3.547000e+02, 2.455436e-23
3.548000e+02, 2.996784e-23
3.549000e+02, 3.639092e-23
3.550000e+02, 4.103972e-23
3.551000e+02, 4.224205e-23
3.552000e+02, 4.060957e-23
3.553000e+02, 3.733973e-23
3.554000e+02, 3.349138e-23
3.555000e+02, 2.997425e-23
3.556000e+02, 2.707602e-23
3.557000e+02, 2.430372e-23
3.558000e+02, 2.194781e-23
3.559000e+02, 2.018771e-23
3.560000e+02, 1.852576e-23
3.561000e+02, 1.693629e-23
3.562000e+02, 1.547222e-23
3.563000e+02, 1.423574e-23
3.564000e+02, 1.338988e-23
3.565000e+02, 1.321077e-23
3.566000e+02, 1.399604e-23
3.567000e+02, 1.553602e-23
3.568000e+02, 1.645931e-23
3.569000e+02, 1.616261e-23
3.570000e+02, 1.542524e-23
3.571000e+02, 1.459888e-23
3.572000e+02, 1.351211e-23
3.573000e+02, 1.258729e-23
3.574000e+02, 1.216684e-23
3.575000e+02, 1.197074e-23
3.576000e+02, 1.154831e-23
3.577000e+02, 1.077225e-23
3.578000e+02, 1.009072e-23
3.579000e+02, 9.435667e-24
3.580000e+02, 8.659286e-24
3.581000e+02, 7.992635e-24
3.582000e+02, 7.568259e-24
3.583000e+02, 7.130814e-24
3.584000e+02, 6.870856e-24
3.585000e+02, 6.864389e-24
3.586000e+02, 6.778131e-24
3.587000e+02, 7.418608e-24
3.588000e+02, 8.733453e-24
3.589000e+02, 1.007743e-23
3.590000e+02, 1.186677e-23
3.591000e+02, 1.480173e-23
3.592000e+02, 1.999453e-23
3.593000e+02, 2.888658e-23
3.594000e+02, 3.931694e-23
3.595000e+02, 4.576157e-23
3.596000e+02, 4.691029e-23
3.597000e+02, 4.487017e-23
3.598000e+02, 4.090338e-23
3.599000e+02, 3.648353e-23
3.600000e+02, 3.248821e-23
3.601000e+02, 2.908149e-23
3.602000e+02, 2.649669e-23
3.603000e+02, 2.402654e-23
3.604000e+02, 2.141400e-23
3.605000e+02, 1.886640e-23
3.606000e+02, 1.642879e-23
3.607000e+02, 1.425055e-23
3.608000e+02, 1.263575e-23
3.609000e+02, 1.158032e-23
3.610000e+02, 1.070423e-23
3.611000e+02, 9.939303e-24
3.612000e+02, 9.047715e-24
3.613000e+02, 8.037177e-24
3.614000e+02, 7.220471e-24
3.615000e+02, 6.396413e-24
3.616000e+02, 5.707719e-24
3.617000e+02, 5.226410e-24
3.618000e+02, 4.648286e-24
3.619000e+02, 4.262854e-24
3.620000e+02, 4.190294e-24
3.621000e+02, 4.189276e-24
3.622000e+02, 4.029965e-24
3.623000e+02, 3.750483e-24
3.624000e+02, 3.767635e-24
3.625000e+02, 3.838241e-24
3.626000e+02, 3.587255e-24
3.627000e+02, 3.344366e-24
3.628000e+02, 3.305341e-24
3.629000e+02, 3.120810e-24
3.630000e+02, 2.837482e-24
3.631000e+02, 2.861650e-24
3.632000e+02, 2.972450e-24
3.633000e+02, 3.073796e-24
3.634000e+02, 3.363399e-24
3.635000e+02, 3.787206e-24
3.636000e+02, 4.212264e-24
3.637000e+02, 4.453980e-24
3.638000e+02, 4.423631e-24
3.639000e+02, 4.105984e-24
3.640000e+02, 3.664137e-24
3.641000e+02, 3.442634e-24
3.642000e+02, 3.174632e-24
3.643000e+02, 2.820475e-24
3.644000e+02, 2.779637e-24
3.645000e+02, 3.283317e-24
3.646000e+02, 4.121015e-24
3.647000e+02, 4.956275e-24
3.648000e+02, 5.274598e-24
3.649000e+02, 5.094542e-24
3.650000e+02, 4.874449e-24
3.651000e+02, 4.400470e-24
3.652000e+02, 3.678034e-24
3.653000e+02, 3.261455e-24
3.654000e+02, 3.395635e-24
3.655000e+02, 3.580865e-24
3.656000e+02, 3.526765e-24
3.657000e+02, 3.378286e-24
3.658000e+02, 3.217656e-24
3.659000e+02, 2.978280e-24
3.660000e+02, 2.606019e-24
3.661000e+02, 2.247132e-24
3.662000e+02, 1.814350e-24
3.663000e+02, 1.417696e-24
3.664000e+02, 1.434172e-24
3.665000e+02, 1.514556e-24
3.666000e+02, 1.433382e-24
3.667000e+02, 1.405548e-24
3.668000e+02, 1.398460e-24
3.669000e+02, 1.269541e-24
3.670000e+02, 1.220957e-24
3.671000e+02, 1.196497e-24
3.672000e+02, 1.134599e-24
3.673000e+02, 1.411047e-24
3.674000e+02, 1.715064e-24
3.675000e+02, 1.708777e-24
3.676000e+02, 1.580403e-24
3.677000e+02, 1.469446e-24
3.678000e+02, 1.531955e-24
3.679000e+02, 1.730661e-24
3.680000e+02, 1.942146e-24
3.681000e+02, 2.302783e-24
3.682000e+02, 2.959681e-24
3.683000e+02, 3.713904e-24
3.684000e+02, 4.263789e-24
3.685000e+02, 4.626463e-24
3.686000e+02, 4.808505e-24
3.687000e+02, 4.839502e-24
3.688000e+02, 4.874667e-24
3.689000e+02, 4.733401e-24
3.690000e+02, 4.438328e-24
3.691000e+02, 4.131845e-24
3.692000e+02, 3.696025e-24
3.693000e+02, 3.218651e-24
3.694000e+02, 2.689138e-24
3.695000e+02, 2.256885e-24
3.696000e+02, 2.086346e-24
3.697000e+02, 2.087752e-24
3.698000e+02, 2.149079e-24
3.699000e+02, 2.074052e-24
3.700000e+02, 1.951761e-24
3.701000e+02, 1.886145e-24
3.702000e+02, 1.882744e-24
3.703000e+02, 1.776299e-24
3.704000e+02, 1.531843e-24
3.705000e+02, 1.249582e-24
3.706000e+02, 1.014841e-24
3.707000e+02, 8.800899e-25
3.708000e+02, 7.908005e-25
3.709000e+02, 9.125683e-25
3.710000e+02, 1.044301e-24
3.711000e+02, 8.757352e-25
3.712000e+02, 6.896033e-25
3.713000e+02, 5.951111e-25
3.714000e+02, 5.727837e-25
3.715000e+02, 4.662464e-25
3.716000e+02, 2.797170e-25
3.717000e+02, 2.193754e-25
3.718000e+02, 2.409954e-25
3.719000e+02, 1.538039e-25
3.720000e+02, 1.074020e-25
3.721000e+02, 2.745240e-25
3.722000e+02, 1.874929e-25
3.723000e+02, 6.806178e-26
3.724000e+02, 1.835089e-25
3.725000e+02, 4.337730e-25
3.726000e+02, 5.647758e-25
3.727000e+02, 4.823737e-25
3.728000e+02, 4.568381e-25
3.729000e+02, 4.348785e-25
3.730000e+02, 3.991433e-25
3.731000e+02, 3.661523e-25
3.732000e+02, 4.091000e-25
3.733000e+02, 4.443078e-25
3.734000e+02, 4.908777e-25
3.735000e+02, 6.003527e-25
3.736000e+02, 7.220702e-25
3.737000e+02, 8.042065e-25
3.738000e+02, 9.042171e-25
3.739000e+02, 1.077040e-24
3.740000e+02, 1.300332e-24
3.741000e+02, 1.575982e-24
3.742000e+02, 1.612323e-24
3.743000e+02, 1.473765e-24
3.744000e+02, 1.409067e-24
3.745000e+02, 1.244967e-24
3.746000e+02, 1.156401e-24
3.747000e+02, 1.187997e-24
3.748000e+02, 1.107595e-24
3.749000e+02, 9.437617e-25
3.750000e+02, 7.867543e-25
3.751000e+02, 6.902107e-25
3.752000e+02, 5.077456e-25
3.753000e+02, 4.112981e-25
3.754000e+02, 4.318750e-25
3.755000e+02, 5.223539e-25
3.756000e+02, 6.440149e-25
3.757000e+02, 6.786509e-25
3.758000e+02, 6.327498e-25
3.759000e+02, 5.998240e-25
3.760000e+02, 5.753913e-25
3.761000e+02, 4.485978e-25
3.762000e+02, 3.986091e-25
3.763000e+02, 4.451525e-25
3.764000e+02, 3.929117e-25
3.765000e+02, 3.880887e-25
3.766000e+02, 5.428274e-25
3.767000e+02, 6.894013e-25
3.768000e+02, 5.980557e-25
3.769000e+02, 5.977310e-25
3.770000e+02, 8.390249e-25
3.771000e+02, 9.446614e-25
3.772000e+02, 9.332763e-25
3.773000e+02, 9.435356e-25
3.774000e+02, 9.794885e-25
3.775000e+02, 9.464087e-25
3.776000e+02, 9.431431e-25
3.777000e+02, 6.623057e-25
3.778000e+02, 5.129426e-25
3.779000e+02, 7.406161e-25
3.780000e+02, 1.120764e-24
3.781000e+02, 1.384000e-24
3.782000e+02, 1.264176e-24
3.783000e+02, 1.187712e-24
3.784000e+02, 1.188966e-24
3.785000e+02, 1.101076e-24
3.786000e+02, 1.021510e-24
3.787000e+02, 9.299868e-25
3.788000e+02, 6.812443e-25
3.789000e+02, 5.744933e-25
3.790000e+02, 6.801874e-25
3.791000e+02, 7.954421e-25
3.792000e+02, 7.438735e-25
3.793000e+02, 7.789058e-25
3.794000e+02, 8.139569e-25
3.795000e+02, 9.099925e-25
3.796000e+02, 1.145632e-24
3.797000e+02, 1.220722e-24
3.798000e+02, 1.204291e-24
3.799000e+02, 1.147055e-24
3.800000e+02, 1.136144e-24
3.801000e+02, 1.060698e-24
3.802000e+02, 1.139419e-24
3.803000e+02, 1.326871e-24
3.804000e+02, 1.351946e-24
3.805000e+02, 1.428453e-24
3.806000e+02, 1.488843e-24
3.807000e+02, 1.418180e-24
3.808000e+02, 1.359477e-24
3.809000e+02, 1.243700e-24
3.810000e+02, 1.148572e-24
3.811000e+02, 1.132443e-24
3.812000e+02, 1.042403e-24
3.813000e+02, 9.874685e-25
3.814000e+02, 8.537534e-25
3.815000e+02, 6.162587e-25
3.816000e+02, 3.948278e-25
3.817000e+02, 1.612310e-25
3.818000e+02, 3.288103e-26
3.819000e+02, 1.000000e-26
3.820000e+02, 1.000000e-26
3.821000e+02, 1.000000e-26
3.822000e+02, 1.000000e-26
3.823000e+02, 1.343391e-26
3.824000e+02, 3.362986e-26
3.825000e+02, 1.879531e-25
3.826000e+02, 5.251112e-25
3.827000e+02, 8.029783e-25
3.828000e+02, 9.475165e-25
3.829000e+02, 1.036847e-24
3.830000e+02, 1.132980e-24
3.831000e+02, 1.233083e-24
3.832000e+02, 1.172300e-24
3.833000e+02, 1.099607e-24
3.834000e+02, 1.168981e-24
3.835000e+02, 1.169868e-24
3.836000e+02, 1.015567e-24
3.837000e+02, 1.077866e-24
3.838000e+02, 1.337961e-24
3.839000e+02, 1.627430e-24
3.840000e+02, 1.829097e-24
3.841000e+02, 1.860358e-24
3.842000e+02, 1.667473e-24
3.843000e+02, 1.321008e-24
3.844000e+02, 1.265324e-24
3.845000e+02, 1.263463e-24
3.846000e+02, 1.075970e-24
3.847000e+02, 1.069358e-24
3.848000e+02, 1.162499e-24
3.849000e+02, 1.106642e-24
3.850000e+02, 1.086820e-24
3.851000e+02, 1.105252e-24
3.852000e+02, 1.175885e-24
3.853000e+02, 1.266672e-24
3.854000e+02, 1.195412e-24
3.855000e+02, 8.495808e-25
3.856000e+02, 5.632308e-25
3.857000e+02, 5.624179e-25
3.858000e+02, 7.643552e-25
3.859000e+02, 1.061538e-24
3.860000e+02, 1.351136e-24
3.861000e+02, 1.604952e-24
3.862000e+02, 1.789693e-24
3.863000e+02, 1.846273e-24
3.864000e+02, 1.765820e-24
3.865000e+02, 1.665204e-24
3.866000e+02, 1.641001e-24
3.867000e+02, 1.709127e-24
3.868000e+02, 1.900106e-24
3.869000e+02, 2.096634e-24
3.870000e+02, 2.017932e-24
3.871000e+02, 1.737127e-24
3.872000e+02, 1.582412e-24
3.873000e+02, 1.496542e-24
3.874000e+02, 1.277341e-24
3.875000e+02, 1.213013e-24
3.876000e+02, 1.213011e-24
3.877000e+02, 1.249072e-24
3.878000e+02, 1.503795e-24
3.879000e+02, 1.832036e-24
3.880000e+02, 2.070026e-24
3.881000e+02, 2.097277e-24
3.882000e+02, 1.943205e-24
3.883000e+02, 1.854028e-24
3.884000e+02, 1.860668e-24
3.885000e+02, 1.583062e-24
3.886000e+02, 1.302181e-24
3.887000e+02, 1.253430e-24
3.888000e+02, 1.129225e-24
3.889000e+02, 1.101304e-24
3.890000e+02, 1.211989e-24
3.891000e+02, 1.139524e-24
3.892000e+02, 1.115375e-24
3.893000e+02, 1.289669e-24
3.894000e+02, 1.540916e-24
3.895000e+02, 1.813503e-24
3.896000e+02, 1.917543e-24
3.897000e+02, 1.970971e-24
3.898000e+02, 1.832405e-24
3.899000e+02, 1.783238e-24
3.900000e+02, 1.831636e-24
3.901000e+02, 1.665874e-24
3.902000e+02, 1.743794e-24
3.903000e+02, 2.136906e-24
3.904000e+02, 2.264107e-24
3.905000e+02, 2.195151e-24
3.906000e+02, 2.231177e-24
3.907000e+02, 2.276615e-24
3.908000e+02, 2.212827e-24
3.909000e+02, 1.918770e-24
3.910000e+02, 1.799658e-24
3.911000e+02, 1.876959e-24
3.912000e+02, 1.751017e-24
3.913000e+02, 1.682139e-24
3.914000e+02, 1.742807e-24
3.915000e+02, 1.856720e-24
3.916000e+02, 2.060859e-24
3.917000e+02, 2.162932e-24
3.918000e+02, 2.287970e-24
3.919000e+02, 2.420272e-24
3.920000e+02, 2.492903e-24
3.921000e+02, 2.695134e-24
3.922000e+02, 2.987584e-24
3.923000e+02, 3.043918e-24
3.924000e+02, 2.931442e-24
3.925000e+02, 3.029942e-24
3.926000e+02, 3.109741e-24
3.927000e+02, 2.954629e-24
3.928000e+02, 2.940995e-24
3.929000e+02, 3.098711e-24
3.930000e+02, 3.214596e-24
3.931000e+02, 3.320679e-24
3.932000e+02, 3.382794e-24
3.933000e+02, 3.403451e-24
3.934000e+02, 3.571134e-24
3.935000e+02, 3.835303e-24
3.936000e+02, 4.111066e-24
3.937000e+02, 4.265103e-24
3.938000e+02, 4.276736e-24
3.939000e+02, 4.307906e-24
3.940000e+02, 4.243786e-24
3.941000e+02, 4.213774e-24
3.942000e+02, 4.437741e-24
3.943000e+02, 4.660477e-24
3.944000e+02, 4.744689e-24
3.945000e+02, 4.867861e-24
3.946000e+02, 5.029680e-24
3.947000e+02, 5.203092e-24
3.948000e+02, 5.341095e-24
3.949000e+02, 5.190585e-24
3.950000e+02, 4.987017e-24
3.951000e+02, 5.099965e-24
3.952000e+02, 5.341030e-24
3.953000e+02, 5.409282e-24
3.954000e+02, 5.456312e-24
3.955000e+02, 5.791943e-24
3.956000e+02, 6.003110e-24
3.957000e+02, 5.997926e-24
3.958000e+02, 6.093982e-24
3.959000e+02, 6.030996e-24
3.960000e+02, 5.869203e-24
3.961000e+02, 5.779254e-24
3.962000e+02, 5.641573e-24
3.963000e+02, 5.541510e-24
3.964000e+02, 5.682108e-24
3.965000e+02, 5.922278e-24
3.966000e+02, 5.952844e-24
3.967000e+02, 5.917462e-24
3.968000e+02, 5.853721e-24
3.969000e+02, 5.824520e-24
3.970000e+02, 5.888192e-24
3.971000e+02, 5.739426e-24
3.972000e+02, 5.662761e-24
3.973000e+02, 5.790923e-24
3.974000e+02, 5.798406e-24
3.975000e+02, 5.817248e-24
3.976000e+02, 5.851957e-24
3.977000e+02, 5.756296e-24
3.978000e+02, 5.541694e-24
3.979000e+02, 5.264037e-24
3.980000e+02, 5.185762e-24
3.981000e+02, 5.166323e-24
3.982000e+02, 5.057487e-24
3.983000e+02, 5.037338e-24
3.984000e+02, 5.011687e-24
3.985000e+02, 5.078955e-24
3.986000e+02, 5.181977e-24
3.987000e+02, 5.147998e-24
3.988000e+02, 5.159539e-24
3.989000e+02, 5.294367e-24
3.990000e+02, 5.471433e-24
3.991000e+02, 5.626652e-24
3.992000e+02, 5.778928e-24
3.993000e+02, 5.806053e-24
3.994000e+02, 5.768108e-24
3.995000e+02, 5.959857e-24
3.996000e+02, 6.058171e-24
3.997000e+02, 6.065210e-24
3.998000e+02, 6.093480e-24
3.999000e+02, 6.118273e-24
4.000000e+02, 5.924680e-24